fecha,producto,stock,temp,lluvia,mes,dia_semana,es_fin_semana,estacion,ventas
2024-06-01,Impermeable,33,8.11,3.29,6,5,1,Invierno,32
2023-11-05,Camiseta,27,19.9,1.44,11,6,1,Primavera,2
2022-09-01,Botas de agua,35,17.15,4.58,9,3,0,Primavera,16
2022-11-21,Gorra,26,11.62,3.85,11,0,0,Primavera,12
2020-11-03,Zapatos deportivos,32,24.89,2.54,11,1,0,Primavera,22
2021-03-08,Shorts,11,17.52,1.66,3,0,0,Otoño,9
2024-01-05,Guantes,1,30.34,1.14,1,4,0,Verano,0
2021-08-21,Frutas,28,4.05,4.33,8,5,1,Invierno,27
2023-03-19,Gorra,21,13.39,3.93,3,6,1,Otoño,17
2020-11-01,Botas de agua,36,19.74,2.63,11,6,1,Primavera,29
2021-01-02,Chandal,33,35.95,0.05,1,5,1,Verano,23
2024-05-30,Traje de Agua,10,9.24,1.73,5,3,0,Otoño,0
2024-02-23,Sandalias,26,28.48,2.4,2,4,0,Verano,17
2024-01-21,Calcetines,27,30.85,1.78,1,6,1,Verano,10
2023-06-03,Guantes,8,4.52,4.59,6,5,1,Invierno,15
2023-09-18,Frutas,10,23.67,3.41,9,0,0,Primavera,2
2020-03-10,Impermeable,24,12.59,0.61,3,1,0,Otoño,23
2024-05-26,Abrigo,33,5.89,6.38,5,6,1,Otoño,20
2021-03-14,Gorra,14,17.99,4.2,3,6,1,Otoño,4
2020-05-15,Calcetines,19,10.49,2.12,5,4,0,Otoño,13
2021-07-09,Zapatos deportivos,6,16.05,3.16,7,4,0,Invierno,4
2020-04-09,Bufanda,30,18.69,0.04,4,3,0,Otoño,15
2022-11-20,Chandal,18,22.25,1.12,11,6,1,Primavera,9
2023-11-20,Chandal,5,26.76,0.0,11,0,0,Primavera,0
2022-01-06,Sudadera,20,30.48,0.0,1,3,0,Verano,7
2022-09-20,Impermeable,28,19.92,1.58,9,1,0,Primavera,13
2020-09-04,Traje de Agua,44,18.41,2.23,9,4,0,Primavera,10
2020-12-17,Gafas de sol,23,24.13,0.0,12,3,0,Verano,34
2025-01-18,Zapatos deportivos,26,20.03,3.79,1,5,1,Verano,21
2020-02-26,Bufanda,25,31.3,0.0,2,2,0,Verano,7
2024-12-05,Sudadera,4,33.56,1.87,12,3,0,Verano,1
2023-12-15,Chandal,1,29.42,0.58,12,4,0,Verano,0
2023-06-06,Shorts,1,11.28,5.72,6,1,0,Invierno,0
2024-06-20,Shorts,16,1.93,3.55,6,3,0,Invierno,6
2023-04-02,Chaqueta,24,12.63,4.43,4,6,1,Otoño,13
2022-10-24,Bufanda,14,15.32,3.14,10,0,0,Primavera,0
2020-04-21,Pantalon,15,16.83,4.4,4,1,0,Otoño,8
2023-05-15,Sandalias,31,23.24,2.94,5,0,0,Otoño,10
2022-02-06,Gafas de sol,21,35.06,1.2,2,6,1,Verano,21
2023-11-22,Frutas,33,28.63,2.45,11,2,0,Primavera,12
2025-04-07,Leche,21,23.05,2.45,4,0,0,Otoño,2
2023-09-04,Pan,18,15.69,2.28,9,0,0,Primavera,2
2020-03-11,Pijama,10,9.99,3.42,3,2,0,Otoño,8
2022-11-19,Shorts,28,16.88,1.9,11,5,1,Primavera,13
2022-06-19,Botas de agua,8,-4.83,7.08,6,6,1,Invierno,9
2022-06-11,Sombrilla,18,9.3,3.13,6,5,1,Invierno,12
2024-03-18,Traje de Agua,29,14.41,1.76,3,0,0,Otoño,13
2024-07-29,Traje de Agua,24,5.15,1.76,7,0,0,Invierno,25
2023-12-06,Bufanda,26,32.83,2.43,12,2,0,Verano,6
2024-02-02,Abrigo,23,29.9,0.0,2,4,0,Verano,11
2023-07-23,Traje de Agua,34,-0.55,4.42,7,6,1,Invierno,15
2021-11-11,Sombrilla,35,19.58,2.01,11,3,0,Primavera,19
2023-05-20,Zapatos deportivos,14,21.72,4.75,5,5,1,Otoño,1
2023-03-09,Pan,19,16.21,1.51,3,3,0,Otoño,8
2020-07-29,Sombrilla,15,4.98,3.74,7,2,0,Invierno,12
2021-04-30,Sombrilla,19,14.23,0.2,4,4,0,Otoño,10
2021-02-15,Pantalon,10,24.88,0.16,2,0,0,Verano,10
2021-09-01,Pijama,36,21.22,4.51,9,2,0,Primavera,29
2021-06-10,Sombrilla,33,7.01,3.71,6,3,0,Invierno,16
2023-10-08,Abrigo,10,18.9,3.22,10,6,1,Primavera,3
2025-04-19,Gorra,12,20.97,2.97,4,5,1,Otoño,2
2024-05-25,Abrigo,9,15.44,1.66,5,5,1,Otoño,6
2024-12-08,Traje de Agua,25,29.45,0.0,12,6,1,Verano,14
2023-11-07,Impermeable,26,16.77,1.19,11,1,0,Primavera,13
2021-12-08,Sandalias,25,35.06,0.0,12,2,0,Verano,28
2021-07-06,Botas de agua,16,9.72,2.97,7,1,0,Invierno,12
2020-12-10,Sombrilla,12,26.86,2.24,12,3,0,Verano,12
2023-08-23,Gafas de sol,17,14.14,7.03,8,2,0,Invierno,4
2023-12-29,Gorra,14,25.13,2.46,12,4,0,Verano,11
2023-08-16,Gafas de sol,20,2.76,5.92,8,2,0,Invierno,8
2024-09-12,Sudadera,21,20.85,5.82,9,3,0,Primavera,8
2022-07-03,Pijama,21,1.32,4.31,7,6,1,Invierno,11
2025-03-03,Pijama,12,16.47,3.58,3,0,0,Otoño,1
2020-04-30,Bufanda,9,13.82,4.98,4,3,0,Otoño,7
2023-05-22,Pantalon,30,17.95,3.1,5,0,0,Otoño,8
2022-07-25,Botas de agua,4,8.82,5.89,7,0,0,Invierno,10
2025-01-08,Guantes,9,27.61,1.2,1,2,0,Verano,9
2024-03-22,Pantalon,23,12.29,3.27,3,4,0,Otoño,16
2020-08-27,Leche,14,-0.69,2.03,8,3,0,Invierno,5
2022-01-16,Pan,25,24.93,0.4,1,6,1,Verano,25
2024-12-20,Leche,13,34.44,1.01,12,4,0,Verano,6
2024-01-28,Abrigo,30,28.25,1.67,1,6,1,Verano,4
2021-09-22,Calcetines,3,14.91,1.16,9,2,0,Primavera,2
2023-07-07,Traje de Agua,21,9.88,4.75,7,4,0,Invierno,23
2022-04-23,Impermeable,16,13.45,2.48,4,5,1,Otoño,18
2023-03-21,Sombrilla,41,8.59,1.74,3,1,0,Otoño,31
2020-12-16,Botas de agua,15,31.77,0.66,12,2,0,Verano,11
2022-08-22,Leche,20,-2.52,5.14,8,0,0,Invierno,0
2021-12-06,Pan,6,27.58,0.0,12,0,0,Verano,3
2022-03-18,Sandalias,19,16.07,0.0,3,4,0,Otoño,15
2021-09-23,Sombrilla,23,19.65,2.87,9,3,0,Primavera,16
2023-10-23,Abrigo,17,18.07,3.35,10,0,0,Primavera,5
2022-09-26,Shorts,11,16.73,0.0,9,0,0,Primavera,12
2023-05-29,Gorra,23,8.06,4.14,5,0,0,Otoño,8
2020-03-06,Botas de agua,18,16.27,1.75,3,4,0,Otoño,8
2023-12-31,Chandal,10,22.57,0.0,12,6,1,Verano,3
2024-08-18,Impermeable,31,1.53,1.25,8,6,1,Invierno,27
2024-06-16,Camiseta,32,6.14,0.83,6,6,1,Invierno,16
2023-10-16,Sandalias,22,26.46,1.96,10,0,0,Primavera,12
2020-01-30,Bufanda,1,24.27,0.0,1,3,0,Verano,0
2024-02-18,Camiseta,5,29.53,0.0,2,6,1,Verano,0
2021-11-09,Sandalias,30,14.93,1.26,11,1,0,Primavera,16
2024-04-08,Sandalias,21,17.54,1.14,4,0,0,Otoño,9
2024-06-13,Sandalias,37,10.33,3.05,6,3,0,Invierno,8
2022-03-24,Camiseta,20,16.01,4.63,3,3,0,Otoño,4
2025-02-11,Sandalias,22,31.4,1.48,2,1,0,Verano,17
2020-10-30,Calcetines,51,17.38,0.0,10,4,0,Primavera,31
2023-10-24,Pantalon,18,22.22,1.77,10,1,0,Primavera,16
2020-05-08,Frutas,16,17.62,2.97,5,4,0,Otoño,12
2020-12-18,Gorra,22,35.51,2.02,12,4,0,Verano,20
2023-05-21,Bufanda,14,17.06,3.63,5,6,1,Otoño,12
2021-01-17,Calcetines,29,33.54,0.0,1,6,1,Verano,2
2024-03-21,Guantes,11,7.43,3.0,3,3,0,Otoño,6
2023-05-07,Botas de agua,4,19.94,2.49,5,6,1,Otoño,0
2021-08-07,Zapatos deportivos,22,-1.2,4.09,8,5,1,Invierno,6
2022-05-07,Sandalias,40,16.62,2.72,5,5,1,Otoño,21
2024-12-29,Shorts,20,34.22,0.0,12,6,1,Verano,15
2023-08-03,Shorts,27,1.72,1.69,8,3,0,Invierno,16
2021-04-25,Sandalias,15,13.91,4.09,4,6,1,Otoño,4
2025-02-19,Leche,27,30.97,1.19,2,2,0,Verano,19
2023-07-22,Gorra,16,6.0,3.01,7,5,1,Invierno,16
2022-06-25,Camiseta,5,5.0,4.9,6,5,1,Invierno,0
2023-04-15,Pan,34,6.34,1.75,4,5,1,Otoño,32
2023-01-08,Calcetines,32,36.53,0.0,1,6,1,Verano,14
2023-09-01,Impermeable,25,18.64,3.5,9,4,0,Primavera,16
2021-08-06,Gorra,44,-7.81,3.71,8,4,0,Invierno,11
2023-09-26,Guantes,16,17.8,1.34,9,1,0,Primavera,9
2023-05-06,Pantalon,1,15.77,1.89,5,5,1,Otoño,1
2024-08-13,Pijama,39,5.66,4.78,8,1,0,Invierno,22
2022-02-24,Leche,18,33.94,0.0,2,3,0,Verano,9
2023-03-07,Frutas,16,9.96,2.44,3,1,0,Otoño,10
2021-05-01,Guantes,18,16.51,3.78,5,5,1,Otoño,12
2023-11-18,Pantalon,19,18.47,0.0,11,5,1,Primavera,0
2020-04-19,Botas de agua,28,8.49,3.34,4,6,1,Otoño,13
2020-10-02,Gorra,19,14.74,3.43,10,4,0,Primavera,4
2021-01-29,Impermeable,21,32.99,0.0,1,4,0,Verano,14
2022-11-02,Calcetines,18,23.04,2.79,11,2,0,Primavera,17
2020-07-07,Calcetines,34,0.22,4.71,7,1,0,Invierno,18
2024-02-06,Gafas de sol,24,32.32,0.0,2,1,0,Verano,22
2020-07-15,Bufanda,19,16.28,3.54,7,2,0,Invierno,16
2020-09-11,Leche,14,13.68,0.93,9,4,0,Primavera,10
2020-10-24,Guantes,36,16.78,3.06,10,5,1,Primavera,17
2021-11-01,Traje de Agua,29,20.42,1.72,11,0,0,Primavera,18
2023-07-08,Sudadera,20,8.73,1.56,7,5,1,Invierno,7
2021-04-28,Pantalon,33,12.39,3.09,4,2,0,Otoño,15
2023-04-21,Traje de Agua,9,4.77,1.47,4,4,0,Otoño,0
2021-11-25,Pantalon,15,16.14,4.22,11,3,0,Primavera,5
2020-11-02,Pijama,38,25.84,2.34,11,0,0,Primavera,12
2020-08-19,Gafas de sol,24,3.53,4.22,8,2,0,Invierno,11
2022-12-15,Sombrilla,16,31.56,1.83,12,3,0,Verano,29
2020-10-16,Chaqueta,24,23.77,0.59,10,4,0,Primavera,8
2024-11-08,Leche,26,19.98,1.42,11,4,0,Primavera,13
2020-09-08,Sombrilla,49,21.2,2.08,9,1,0,Primavera,37
2021-07-02,Traje de Agua,22,3.81,4.4,7,4,0,Invierno,20
2025-04-22,Gorra,33,9.04,3.01,4,1,0,Otoño,9
2023-06-26,Shorts,32,-0.01,2.35,6,0,0,Invierno,7
2022-07-26,Pan,8,3.83,5.86,7,1,0,Invierno,0
2024-06-15,Abrigo,35,-0.93,4.78,6,5,1,Invierno,15
2024-07-14,Shorts,22,5.19,1.99,7,6,1,Invierno,11
2020-08-21,Chaqueta,29,-3.74,3.81,8,4,0,Invierno,18
2024-07-25,Guantes,19,1.86,2.67,7,3,0,Invierno,18
2021-06-19,Gorra,41,8.89,7.79,6,5,1,Invierno,10
2023-07-04,Sombrilla,36,8.62,2.7,7,1,0,Invierno,2
2021-09-05,Calcetines,19,23.03,3.05,9,6,1,Primavera,18
2022-12-14,Shorts,3,31.13,0.0,12,2,0,Verano,12
2022-05-29,Gafas de sol,13,11.11,3.85,5,6,1,Otoño,1
2024-09-15,Frutas,32,12.49,0.0,9,6,1,Primavera,16
2023-06-28,Calcetines,28,7.41,2.14,6,2,0,Invierno,17
2023-10-18,Sombrilla,16,25.88,3.28,10,2,0,Primavera,10
2024-09-17,Guantes,23,24.22,1.92,9,1,0,Primavera,8
2021-11-10,Zapatos deportivos,1,25.37,0.8,11,2,0,Primavera,0
2023-10-26,Bufanda,25,27.0,1.26,10,3,0,Primavera,15
2020-01-24,Leche,23,28.96,0.0,1,4,0,Verano,13
2020-11-20,Camiseta,30,15.42,2.01,11,4,0,Primavera,8
2020-03-04,Zapatos deportivos,9,13.7,0.0,3,2,0,Otoño,0
2022-11-09,Leche,26,16.93,1.37,11,2,0,Primavera,14
2023-07-09,Impermeable,16,-1.29,3.67,7,6,1,Invierno,17
2022-12-26,Pantalon,25,27.18,0.83,12,0,0,Verano,16
2023-01-11,Frutas,29,25.66,0.99,1,2,0,Verano,15
2023-11-04,Chaqueta,18,21.73,0.07,11,5,1,Primavera,9
2020-07-31,Traje de Agua,17,9.32,5.41,7,4,0,Invierno,18
2022-01-14,Gafas de sol,1,32.89,1.01,1,4,0,Verano,9
2023-06-24,Sombrilla,9,4.95,6.64,6,5,1,Invierno,0
2020-10-25,Frutas,21,18.9,2.07,10,6,1,Primavera,8
2024-10-19,Botas de agua,17,20.03,2.23,10,5,1,Primavera,8
2024-03-06,Sudadera,23,13.42,3.98,3,2,0,Otoño,10
2020-04-10,Botas de agua,26,20.59,4.13,4,4,0,Otoño,17
2023-07-14,Impermeable,23,5.75,3.82,7,4,0,Invierno,29
2025-03-02,Calcetines,13,11.83,5.46,3,6,1,Otoño,1
2023-07-11,Leche,10,5.08,5.35,7,1,0,Invierno,11
2023-01-01,Shorts,27,29.59,2.48,1,6,1,Verano,17
2023-05-24,Pan,25,9.53,1.15,5,2,0,Otoño,18
2024-05-23,Chandal,5,12.43,2.72,5,3,0,Otoño,4
2023-11-28,Pantalon,26,17.85,3.75,11,1,0,Primavera,19
2020-08-25,Chandal,30,9.48,4.9,8,1,0,Invierno,13
2021-12-05,Pijama,23,24.12,0.3,12,6,1,Verano,13
2022-03-29,Pijama,4,15.14,0.37,3,1,0,Otoño,2
2024-01-12,Sombrilla,27,26.99,0.0,1,4,0,Verano,29
2022-06-28,Camiseta,31,-9.64,3.82,6,1,0,Invierno,25
2020-04-25,Shorts,21,13.58,3.23,4,5,1,Otoño,3
2021-08-11,Zapatos deportivos,38,6.87,3.4,8,2,0,Invierno,21
2024-10-05,Sudadera,22,19.28,1.31,10,5,1,Primavera,19
2024-01-13,Leche,35,31.21,3.13,1,5,1,Verano,17
2021-09-11,Sudadera,28,15.48,0.79,9,5,1,Primavera,20
2021-03-29,Sudadera,11,21.5,2.47,3,0,0,Otoño,9
2022-09-09,Gorra,2,17.33,0.94,9,4,0,Primavera,0
2021-03-09,Sudadera,25,13.35,1.11,3,1,0,Otoño,3
2020-12-19,Calcetines,15,35.45,0.0,12,5,1,Verano,8
2022-11-13,Zapatos deportivos,9,19.4,2.35,11,6,1,Primavera,5
2020-09-13,Pijama,35,20.47,1.94,9,6,1,Primavera,10
2020-06-22,Botas de agua,23,9.07,4.72,6,0,0,Invierno,15
2023-09-20,Sandalias,38,20.07,1.41,9,2,0,Primavera,23
2023-05-13,Bufanda,20,12.14,4.39,5,5,1,Otoño,14
2023-05-05,Leche,1,25.74,3.99,5,4,0,Otoño,3
2021-12-21,Chandal,28,31.16,0.82,12,1,0,Verano,9
2023-09-22,Chandal,31,24.87,1.65,9,4,0,Primavera,21
2020-03-19,Sudadera,11,16.63,1.74,3,3,0,Otoño,3
2022-10-06,Sudadera,13,14.72,0.0,10,3,0,Primavera,1
2024-12-03,Leche,26,30.71,2.56,12,1,0,Verano,14
2020-02-02,Shorts,44,30.84,0.0,2,6,1,Verano,43
2022-07-05,Traje de Agua,15,6.44,3.93,7,1,0,Invierno,8
2024-04-18,Frutas,34,12.81,2.27,4,3,0,Otoño,7
2024-09-06,Sandalias,26,14.29,1.7,9,4,0,Primavera,8
2021-12-23,Frutas,20,37.82,0.4,12,3,0,Verano,15
2020-05-04,Sandalias,45,18.49,3.24,5,0,0,Otoño,16
2024-05-27,Leche,3,20.89,2.66,5,0,0,Otoño,0
2020-12-08,Frutas,15,31.64,0.0,12,1,0,Verano,2
2020-06-12,Pan,14,-1.57,5.28,6,4,0,Invierno,1
2020-07-22,Pijama,24,7.88,5.09,7,2,0,Invierno,7
2020-11-27,Pijama,11,15.58,1.26,11,4,0,Primavera,2
2024-12-23,Zapatos deportivos,33,29.72,1.66,12,0,0,Verano,13
2024-04-06,Guantes,22,11.61,3.3,4,5,1,Otoño,16
2023-09-30,Bufanda,17,11.8,0.9,9,5,1,Primavera,10
2020-02-19,Botas de agua,19,28.88,1.37,2,2,0,Verano,10
2023-09-06,Sudadera,23,18.13,2.97,9,2,0,Primavera,13
2023-10-27,Sandalias,32,15.69,0.72,10,4,0,Primavera,10
2024-12-18,Pantalon,13,31.15,0.0,12,2,0,Verano,1
2022-02-20,Botas de agua,21,31.13,0.03,2,6,1,Verano,11
2024-12-30,Pan,33,27.8,2.05,12,0,0,Verano,12
2022-10-30,Impermeable,17,21.7,0.94,10,6,1,Primavera,5
2023-09-21,Pan,14,17.17,1.34,9,3,0,Primavera,5
2024-12-02,Frutas,7,31.41,1.54,12,0,0,Verano,9
2024-01-14,Shorts,17,24.17,0.0,1,6,1,Verano,16
2021-02-24,Gafas de sol,35,27.93,0.37,2,2,0,Verano,23
2023-08-02,Chandal,17,-2.34,6.23,8,2,0,Invierno,13
2023-08-27,Shorts,1,1.42,2.46,8,6,1,Invierno,2
2020-08-06,Leche,32,9.33,2.39,8,3,0,Invierno,20
2021-07-15,Guantes,1,4.3,5.11,7,3,0,Invierno,15
2025-02-22,Chandal,1,26.54,1.94,2,5,1,Verano,0
2022-03-13,Pantalon,19,13.93,0.0,3,6,1,Otoño,11
2022-09-14,Sandalias,14,15.73,2.21,9,2,0,Primavera,1
2021-01-09,Chaqueta,26,23.89,0.0,1,5,1,Verano,0
2022-03-20,Gorra,32,15.4,1.75,3,6,1,Otoño,13
2025-03-28,Zapatos deportivos,6,13.34,3.91,3,4,0,Otoño,6
2020-08-08,Sudadera,23,1.0,4.42,8,5,1,Invierno,3
2020-11-12,Camiseta,16,21.93,0.29,11,3,0,Primavera,12
2024-05-24,Gorra,36,13.15,3.07,5,4,0,Otoño,15
2020-02-29,Botas de agua,21,19.68,1.16,2,5,1,Verano,16
2020-09-27,Traje de Agua,24,17.29,3.35,9,6,1,Primavera,12
2021-02-20,Botas de agua,7,38.44,0.0,2,5,1,Verano,6
2020-03-14,Leche,25,13.86,2.69,3,5,1,Otoño,13
2020-06-11,Calcetines,36,6.1,4.12,6,3,0,Invierno,23
2021-07-30,Gorra,27,3.36,5.32,7,4,0,Invierno,16
2022-01-22,Leche,31,34.37,0.0,1,5,1,Verano,26
2024-08-04,Pan,16,14.71,2.68,8,6,1,Invierno,6
2024-06-06,Sudadera,8,8.18,3.51,6,3,0,Invierno,2
2024-05-07,Frutas,6,13.23,2.19,5,1,0,Otoño,0
2021-06-02,Pijama,32,0.91,1.55,6,2,0,Invierno,15
2020-02-15,Sombrilla,24,36.74,0.0,2,5,1,Verano,27
2022-06-22,Zapatos deportivos,22,1.82,5.06,6,2,0,Invierno,6
2023-04-11,Sombrilla,42,11.59,4.77,4,1,0,Otoño,17
2022-09-24,Chandal,10,12.97,0.0,9,5,1,Primavera,9
2020-03-17,Frutas,18,20.6,0.95,3,1,0,Otoño,5
2025-02-08,Traje de Agua,20,34.04,1.81,2,5,1,Verano,16
2023-10-07,Chaqueta,23,15.29,1.87,10,5,1,Primavera,5
2023-06-09,Pan,11,6.54,3.95,6,4,0,Invierno,11
2021-03-03,Gorra,2,12.92,3.27,3,2,0,Otoño,0
2021-07-08,Impermeable,20,0.8,5.01,7,3,0,Invierno,26
2024-01-06,Bufanda,36,28.35,1.82,1,5,1,Verano,13
2022-02-16,Calcetines,5,30.84,0.0,2,2,0,Verano,1
2020-01-31,Botas de agua,11,35.48,1.34,1,4,0,Verano,4
2023-07-17,Camiseta,23,-2.73,5.73,7,0,0,Invierno,5
2021-07-21,Botas de agua,28,2.05,3.65,7,2,0,Invierno,9
2022-09-28,Guantes,32,21.3,1.16,9,2,0,Primavera,19
2023-01-30,Traje de Agua,7,32.61,1.36,1,0,0,Verano,8
2021-04-27,Gorra,25,17.97,2.05,4,1,0,Otoño,6
2022-07-04,Chandal,8,3.12,4.03,7,0,0,Invierno,2
2024-02-19,Leche,29,26.33,2.53,2,0,0,Verano,8
2025-03-24,Sandalias,9,16.28,2.5,3,0,0,Otoño,7
2021-04-23,Pantalon,20,10.98,3.09,4,4,0,Otoño,17
2024-12-15,Chaqueta,46,23.03,0.0,12,6,1,Verano,34
2020-02-14,Guantes,19,28.22,0.57,2,4,0,Verano,16
2021-10-12,Guantes,22,24.31,3.8,10,1,0,Primavera,12
2020-06-17,Bufanda,21,10.69,6.96,6,2,0,Invierno,27
2025-03-19,Frutas,2,4.49,4.71,3,2,0,Otoño,0
2023-03-22,Leche,9,17.86,2.95,3,2,0,Otoño,9
2025-02-16,Traje de Agua,4,33.44,0.0,2,6,1,Verano,0
2021-07-29,Shorts,13,3.43,3.7,7,3,0,Invierno,0
2021-12-01,Traje de Agua,1,25.54,1.37,12,2,0,Verano,1
2022-05-05,Pijama,21,16.57,2.34,5,3,0,Otoño,8
2020-12-27,Botas de agua,36,32.59,2.9,12,6,1,Verano,9
2025-03-25,Gorra,32,18.79,3.06,3,1,0,Otoño,8
2021-08-22,Frutas,31,-2.4,5.89,8,6,1,Invierno,30
2023-07-12,Pijama,26,3.04,1.96,7,2,0,Invierno,5
2021-08-14,Chaqueta,12,5.94,5.51,8,5,1,Invierno,4
2024-05-31,Botas de agua,10,16.94,4.22,5,4,0,Otoño,5
2020-07-04,Sudadera,13,1.84,4.89,7,5,1,Invierno,13
2023-09-13,Bufanda,15,18.64,2.69,9,2,0,Primavera,6
2024-07-02,Frutas,24,5.42,4.47,7,1,0,Invierno,7
2021-04-07,Sandalias,19,17.87,1.41,4,2,0,Otoño,3
2023-07-13,Zapatos deportivos,12,2.87,4.6,7,3,0,Invierno,4
2023-10-31,Bufanda,23,19.19,3.57,10,1,0,Primavera,11
2021-09-20,Shorts,1,12.62,0.85,9,0,0,Primavera,0
2024-04-09,Shorts,10,14.11,5.18,4,1,0,Otoño,2
2025-02-26,Gafas de sol,7,29.56,0.29,2,2,0,Verano,5
2025-02-24,Zapatos deportivos,1,29.35,2.14,2,0,0,Verano,0
2023-08-19,Camiseta,11,-6.58,5.29,8,5,1,Invierno,8
2022-07-11,Chaqueta,26,1.02,7.97,7,0,0,Invierno,18
2021-04-24,Botas de agua,9,14.52,3.05,4,5,1,Otoño,10
2022-09-11,Gorra,39,19.57,3.64,9,6,1,Primavera,17
2024-11-21,Pantalon,1,24.48,2.97,11,3,0,Primavera,1
2020-05-03,Sandalias,30,20.21,2.17,5,6,1,Otoño,3
2021-05-29,Abrigo,7,12.29,2.07,5,5,1,Otoño,4
2024-08-23,Abrigo,16,0.4,3.26,8,4,0,Invierno,16
2021-05-22,Impermeable,19,14.27,0.78,5,5,1,Otoño,5
2022-08-21,Sandalias,29,0.74,1.81,8,6,1,Invierno,0
2020-12-20,Sombrilla,37,25.33,0.0,12,6,1,Verano,32
2021-03-15,Chandal,25,14.62,3.62,3,0,0,Otoño,6
2021-01-01,Abrigo,33,41.9,1.44,1,4,0,Verano,23
2020-07-13,Chaqueta,5,-1.25,2.34,7,0,0,Invierno,5
2021-06-27,Botas de agua,22,-2.58,4.11,6,6,1,Invierno,15
2024-12-10,Pantalon,1,33.46,0.0,12,1,0,Verano,0
2024-07-28,Leche,25,4.24,1.91,7,6,1,Invierno,14
2020-11-18,Camiseta,12,18.73,1.12,11,2,0,Primavera,5
2023-03-10,Frutas,30,8.07,1.61,3,4,0,Otoño,17
2020-09-23,Calcetines,23,23.8,1.71,9,2,0,Primavera,10
2022-01-25,Pan,28,29.68,0.71,1,1,0,Verano,16
2020-03-08,Guantes,14,16.8,4.57,3,6,1,Otoño,9
2023-11-23,Abrigo,32,17.72,0.89,11,3,0,Primavera,20
2021-09-03,Guantes,11,20.92,1.98,9,4,0,Primavera,4
2024-06-25,Guantes,32,8.41,5.71,6,1,0,Invierno,21
2021-08-25,Sandalias,35,7.37,2.92,8,2,0,Invierno,23
2021-03-05,Calcetines,19,15.11,1.01,3,4,0,Otoño,6
2024-03-16,Traje de Agua,25,5.44,4.37,3,5,1,Otoño,9
2021-02-18,Bufanda,13,32.58,0.0,2,3,0,Verano,4
2023-08-24,Frutas,10,-0.43,2.66,8,3,0,Invierno,4
2022-04-18,Botas de agua,23,24.94,1.27,4,0,0,Otoño,11
2021-01-18,Camiseta,4,30.43,0.0,1,0,0,Verano,0
2024-05-12,Calcetines,15,22.69,0.47,5,6,1,Otoño,9
2022-01-11,Chaqueta,28,29.03,0.71,1,1,0,Verano,4
2022-07-29,Chandal,24,4.84,4.03,7,4,0,Invierno,13
2023-05-27,Shorts,10,17.53,0.89,5,5,1,Otoño,2
2024-01-31,Sudadera,11,20.48,0.16,1,2,0,Verano,5
2024-04-01,Shorts,22,10.51,1.78,4,0,0,Otoño,15
2024-06-05,Calcetines,30,5.3,2.29,6,2,0,Invierno,7
2021-11-05,Impermeable,12,23.49,5.31,11,4,0,Primavera,8
2022-03-03,Impermeable,16,19.52,4.6,3,3,0,Otoño,8
2021-06-13,Leche,10,0.25,4.48,6,6,1,Invierno,10
2022-07-10,Frutas,14,6.9,2.15,7,6,1,Invierno,8
2024-02-25,Sandalias,16,28.37,2.71,2,6,1,Verano,11
2024-10-03,Camiseta,6,20.57,1.65,10,3,0,Primavera,8
2020-09-18,Chaqueta,18,24.07,3.22,9,4,0,Primavera,4
2023-06-27,Impermeable,33,2.38,6.17,6,1,0,Invierno,46
2020-08-28,Botas de agua,11,-0.42,7.18,8,4,0,Invierno,9
2022-02-11,Camiseta,27,25.59,3.19,2,4,0,Verano,8
2023-12-13,Calcetines,30,26.99,0.5,12,2,0,Verano,10
2021-09-12,Pantalon,36,21.35,2.93,9,6,1,Primavera,24
2022-11-23,Impermeable,26,26.48,2.62,11,2,0,Primavera,11
2021-06-03,Zapatos deportivos,1,7.4,3.6,6,3,0,Invierno,0
2020-12-31,Calcetines,15,26.98,0.26,12,3,0,Verano,8
2022-09-15,Camiseta,16,19.18,0.0,9,3,0,Primavera,7
2021-07-24,Abrigo,6,4.51,2.34,7,5,1,Invierno,19
2023-04-16,Abrigo,20,20.57,4.34,4,6,1,Otoño,15
2021-03-26,Pijama,3,17.24,2.44,3,4,0,Otoño,2
2022-02-19,Abrigo,20,26.03,0.0,2,5,1,Verano,7
2020-03-12,Pijama,16,16.72,3.22,3,3,0,Otoño,5
2022-04-16,Calcetines,17,16.79,2.22,4,5,1,Otoño,7
2020-09-16,Shorts,11,25.15,0.3,9,2,0,Primavera,1
2020-02-21,Bufanda,4,20.79,0.54,2,4,0,Verano,0
2021-08-16,Pan,16,9.28,4.53,8,0,0,Invierno,7
2021-04-16,Botas de agua,25,5.95,2.43,4,4,0,Otoño,23
2021-09-06,Sudadera,14,22.88,1.47,9,0,0,Primavera,3
2020-11-28,Calcetines,20,20.97,4.28,11,5,1,Primavera,13
2023-08-13,Chaqueta,15,1.1,4.3,8,6,1,Invierno,8
2024-04-16,Sombrilla,4,9.06,4.81,4,1,0,Otoño,0
2021-09-10,Sandalias,5,23.64,2.04,9,4,0,Primavera,0
2021-03-02,Pijama,21,21.13,3.15,3,1,0,Otoño,5
2022-08-24,Bufanda,9,6.12,3.7,8,2,0,Invierno,19
2022-04-29,Impermeable,35,19.34,3.63,4,4,0,Otoño,9
2024-05-18,Guantes,15,17.2,3.58,5,5,1,Otoño,6
2022-05-12,Leche,3,6.86,2.63,5,3,0,Otoño,0
2021-06-18,Chandal,19,0.17,7.03,6,4,0,Invierno,10
2024-08-20,Abrigo,11,3.38,3.81,8,1,0,Invierno,15
2023-11-26,Shorts,40,18.88,5.95,11,6,1,Primavera,12
2022-07-14,Camiseta,13,10.54,3.39,7,3,0,Invierno,6
2025-04-08,Pantalon,17,2.82,3.18,4,1,0,Otoño,8
2024-04-27,Bufanda,23,8.04,4.13,4,5,1,Otoño,6
2025-03-13,Abrigo,25,18.39,2.42,3,3,0,Otoño,14
2021-02-02,Camiseta,25,29.42,0.2,2,1,0,Verano,20
2021-06-22,Chandal,24,11.44,2.18,6,1,0,Invierno,16
2020-07-11,Pijama,4,7.65,3.3,7,5,1,Invierno,1
2022-06-07,Traje de Agua,44,8.6,1.98,6,1,0,Invierno,36
2022-02-04,Gafas de sol,15,31.0,0.0,2,4,0,Verano,14
2022-08-07,Pan,29,8.53,3.25,8,6,1,Invierno,29
2024-01-23,Gorra,24,25.65,0.0,1,1,0,Verano,7
2021-08-30,Chandal,19,4.83,7.09,8,0,0,Invierno,4
2023-11-02,Abrigo,21,17.47,1.25,11,3,0,Primavera,12
2020-05-21,Sombrilla,11,13.17,5.52,5,3,0,Otoño,8
2020-01-03,Bufanda,25,21.67,0.0,1,4,0,Verano,10
2021-12-13,Leche,33,32.92,0.09,12,0,0,Verano,8
2024-12-26,Zapatos deportivos,17,38.43,0.27,12,3,0,Verano,4
2024-02-15,Botas de agua,19,25.52,1.65,2,3,0,Verano,13
2020-12-05,Sombrilla,16,32.5,0.83,12,5,1,Verano,17
2022-03-19,Impermeable,11,11.91,2.83,3,5,1,Otoño,7
2024-10-18,Gafas de sol,30,15.98,0.25,10,4,0,Primavera,13
2023-02-07,Chandal,34,30.95,0.0,2,1,0,Verano,9
2021-05-10,Leche,17,18.24,1.88,5,0,0,Otoño,6
2022-09-13,Sombrilla,19,17.73,0.52,9,1,0,Primavera,15
2023-06-01,Gorra,21,-0.4,3.08,6,3,0,Invierno,9
2024-08-21,Traje de Agua,16,0.11,5.25,8,2,0,Invierno,17
2020-09-28,Shorts,32,18.06,3.41,9,0,0,Primavera,11
2020-07-03,Sombrilla,36,13.27,3.12,7,4,0,Invierno,10
2022-06-05,Chaqueta,32,-1.58,3.54,6,6,1,Invierno,12
2020-09-01,Abrigo,19,14.21,3.97,9,1,0,Primavera,9
2022-03-17,Chandal,22,21.32,1.92,3,3,0,Otoño,9
2024-02-27,Zapatos deportivos,16,27.41,3.73,2,1,0,Verano,1
2022-10-02,Leche,18,19.32,3.75,10,6,1,Primavera,17
2023-01-15,Chandal,24,29.6,3.04,1,6,1,Verano,4
2022-05-11,Shorts,4,14.73,3.27,5,2,0,Otoño,2
2024-07-15,Pijama,17,-1.36,2.13,7,0,0,Invierno,5
2022-10-01,Pan,20,16.46,1.88,10,5,1,Primavera,18
2021-02-19,Sudadera,1,35.51,0.0,2,4,0,Verano,4
2020-09-30,Chaqueta,16,20.45,2.04,9,2,0,Primavera,5
2021-11-24,Shorts,21,21.35,0.41,11,2,0,Primavera,18
2023-12-17,Sombrilla,13,24.58,0.79,12,6,1,Verano,8
2024-05-02,Zapatos deportivos,11,19.44,3.82,5,3,0,Otoño,0
2020-09-07,Pan,21,20.72,2.66,9,0,0,Primavera,13
2021-02-17,Camiseta,18,31.44,2.03,2,2,0,Verano,2
2021-08-05,Shorts,6,5.74,3.83,8,3,0,Invierno,1
2023-06-23,Sombrilla,20,2.16,5.61,6,4,0,Invierno,9
2023-06-17,Zapatos deportivos,16,12.27,2.9,6,5,1,Invierno,5
2020-11-06,Sandalias,12,19.79,4.75,11,4,0,Primavera,0
2021-01-16,Calcetines,21,25.83,0.0,1,5,1,Verano,12
2021-04-09,Chaqueta,23,7.34,1.79,4,4,0,Otoño,8
2021-03-01,Gorra,10,13.13,3.33,3,0,0,Otoño,6
2021-05-09,Pan,25,10.8,1.22,5,6,1,Otoño,19
2022-10-31,Sombrilla,20,16.96,0.79,10,0,0,Primavera,3
2023-09-17,Shorts,25,11.78,1.28,9,6,1,Primavera,4
2023-08-10,Chaqueta,11,6.34,2.43,8,3,0,Invierno,4
2021-02-12,Gafas de sol,2,21.58,2.02,2,4,0,Verano,6
2024-04-02,Chandal,3,13.19,4.3,4,1,0,Otoño,0
2024-09-11,Chandal,10,18.43,1.96,9,2,0,Primavera,8
2023-12-24,Impermeable,7,26.14,0.0,12,6,1,Verano,3
2022-07-31,Leche,17,5.76,1.39,7,6,1,Invierno,16
2021-09-09,Chaqueta,23,22.41,0.66,9,3,0,Primavera,16
2021-09-02,Chaqueta,9,19.29,2.04,9,3,0,Primavera,0
2020-07-01,Chaqueta,23,9.05,2.29,7,2,0,Invierno,14
2025-01-30,Sombrilla,15,31.19,0.0,1,3,0,Verano,22
2020-06-19,Pan,20,5.94,4.58,6,4,0,Invierno,8
2020-10-19,Botas de agua,30,28.82,3.18,10,0,0,Primavera,10
2021-06-14,Frutas,18,1.95,2.32,6,0,0,Invierno,2
2024-10-09,Gafas de sol,13,18.73,2.46,10,2,0,Primavera,7
2020-10-27,Pan,20,19.31,1.5,10,1,0,Primavera,11
2025-01-01,Abrigo,21,31.58,0.0,1,2,0,Verano,12
2021-06-11,Traje de Agua,12,11.89,3.8,6,4,0,Invierno,20
2024-05-29,Gorra,12,22.13,3.08,5,2,0,Otoño,5
2022-11-18,Calcetines,25,22.81,3.74,11,4,0,Primavera,16
2025-02-23,Abrigo,9,35.15,0.0,2,6,1,Verano,4
2020-09-29,Impermeable,15,13.6,0.45,9,1,0,Primavera,9
2023-01-21,Gafas de sol,26,34.94,3.51,1,5,1,Verano,30
2023-05-01,Zapatos deportivos,23,23.74,5.44,5,0,0,Otoño,5
2023-01-25,Sandalias,31,30.66,0.0,1,2,0,Verano,29
2021-02-26,Sandalias,41,37.05,0.95,2,4,0,Verano,20
2021-01-06,Impermeable,22,25.79,0.0,1,2,0,Verano,15
2024-04-07,Pantalon,3,12.23,2.34,4,6,1,Otoño,2
2022-11-16,Zapatos deportivos,35,16.41,1.97,11,2,0,Primavera,18
2021-11-23,Pijama,16,24.01,1.4,11,1,0,Primavera,9
2022-09-17,Zapatos deportivos,21,17.82,1.97,9,5,1,Primavera,6
2021-10-16,Sudadera,13,16.68,3.21,10,5,1,Primavera,0
2020-06-24,Sandalias,20,7.42,5.59,6,2,0,Invierno,5
2022-01-13,Zapatos deportivos,19,34.22,1.1,1,3,0,Verano,4
2022-10-26,Guantes,6,26.69,3.23,10,2,0,Primavera,3
2022-12-11,Camiseta,24,28.96,0.65,12,6,1,Verano,15
2024-04-14,Leche,4,18.38,3.68,4,6,1,Otoño,7
2020-11-30,Botas de agua,19,14.2,2.86,11,0,0,Primavera,14
2022-05-19,Sombrilla,16,12.36,3.8,5,3,0,Otoño,3
2023-04-26,Chaqueta,20,15.54,3.48,4,2,0,Otoño,11
2024-05-19,Gafas de sol,1,11.65,3.01,5,6,1,Otoño,0
2025-02-04,Sudadera,34,24.86,3.04,2,1,0,Verano,11
2024-06-11,Chandal,18,-1.51,1.22,6,1,0,Invierno,4
2025-01-21,Calcetines,20,31.05,3.68,1,1,0,Verano,14
2023-04-04,Zapatos deportivos,11,5.18,5.16,4,1,0,Otoño,3
2021-07-26,Bufanda,44,4.22,5.5,7,0,0,Invierno,33
2020-07-17,Gorra,14,5.86,4.36,7,4,0,Invierno,8
2020-01-16,Shorts,23,25.78,0.0,1,3,0,Verano,24
2020-09-22,Calcetines,32,18.53,0.81,9,1,0,Primavera,16
2022-06-29,Leche,21,3.65,2.81,6,2,0,Invierno,12
2023-06-19,Chandal,23,9.39,3.7,6,0,0,Invierno,18
2022-07-28,Chaqueta,45,-4.55,4.95,7,3,0,Invierno,13
2021-06-28,Abrigo,22,11.26,2.83,6,0,0,Invierno,22
2024-06-30,Shorts,32,6.71,6.91,6,6,1,Invierno,14
2022-05-09,Guantes,12,18.13,1.11,5,0,0,Otoño,8
2023-04-23,Pan,33,14.4,1.69,4,6,1,Otoño,19
2025-03-01,Chaqueta,12,13.84,4.25,3,5,1,Otoño,2
2024-09-16,Gafas de sol,18,16.08,0.77,9,0,0,Primavera,6
2024-09-13,Abrigo,19,25.6,1.48,9,4,0,Primavera,7
2021-04-10,Guantes,22,15.89,4.63,4,5,1,Otoño,5
2021-06-16,Zapatos deportivos,19,2.9,3.37,6,2,0,Invierno,7
2020-07-18,Abrigo,16,1.66,4.65,7,5,1,Invierno,13
2022-05-24,Zapatos deportivos,17,16.68,0.45,5,1,0,Otoño,5
2024-07-11,Pantalon,21,6.78,5.91,7,3,0,Invierno,3
2024-07-22,Pijama,25,14.29,5.74,7,0,0,Invierno,10
2022-12-09,Sandalias,19,27.56,0.0,12,4,0,Verano,22
2024-01-15,Impermeable,26,33.7,1.31,1,0,0,Verano,9
2023-06-16,Pijama,4,4.06,2.08,6,4,0,Invierno,0
2023-10-19,Sudadera,21,14.68,2.24,10,3,0,Primavera,4
2022-04-25,Guantes,26,16.8,2.15,4,0,0,Otoño,5
2023-09-23,Botas de agua,4,22.14,2.01,9,5,1,Primavera,7
2023-10-06,Gafas de sol,12,19.64,2.1,10,4,0,Primavera,14
2024-09-19,Gafas de sol,6,19.32,1.37,9,3,0,Primavera,3
2021-12-31,Sandalias,25,34.26,0.81,12,4,0,Verano,23
2020-02-13,Chandal,18,40.08,2.21,2,3,0,Verano,9
2020-10-01,Leche,19,21.69,1.07,10,3,0,Primavera,14
2020-04-11,Leche,35,16.0,3.19,4,5,1,Otoño,16
2022-03-30,Leche,37,19.0,1.36,3,2,0,Otoño,14
2024-08-06,Zapatos deportivos,34,-1.87,5.45,8,1,0,Invierno,12
2022-06-24,Sudadera,14,7.0,2.74,6,4,0,Invierno,3
2020-04-17,Sombrilla,9,9.47,4.26,4,4,0,Otoño,0
2021-10-13,Pijama,1,21.62,0.42,10,2,0,Primavera,0
2021-05-12,Guantes,12,17.51,0.75,5,2,0,Otoño,2
2025-04-12,Gafas de sol,18,19.47,2.73,4,5,1,Otoño,8
2022-04-12,Abrigo,21,13.29,5.42,4,1,0,Otoño,11
2023-07-31,Calcetines,4,4.3,4.9,7,0,0,Invierno,2
2021-08-08,Sandalias,16,11.28,3.7,8,6,1,Invierno,0
2024-01-01,Shorts,19,29.43,0.0,1,0,0,Verano,14
2023-06-13,Pantalon,10,3.28,3.44,6,1,0,Invierno,0
2024-03-05,Traje de Agua,23,22.6,5.47,3,1,0,Otoño,8
2024-09-09,Botas de agua,12,24.74,1.62,9,0,0,Primavera,7
2020-03-13,Camiseta,18,15.45,2.72,3,4,0,Otoño,5
2022-07-30,Chaqueta,24,6.57,3.01,7,5,1,Invierno,7
2023-03-28,Pantalon,9,18.43,3.14,3,1,0,Otoño,5
2024-09-03,Pijama,21,19.85,0.96,9,1,0,Primavera,13
2021-08-19,Zapatos deportivos,15,10.56,4.53,8,3,0,Invierno,5
2021-04-26,Chandal,12,15.04,1.04,4,0,0,Otoño,5
2022-11-06,Pantalon,25,25.27,4.4,11,6,1,Primavera,15
2021-05-21,Gafas de sol,24,20.59,2.19,5,4,0,Otoño,15
2021-12-22,Sombrilla,5,36.89,0.51,12,2,0,Verano,12
2025-02-14,Gorra,23,33.58,0.1,2,4,0,Verano,5
2025-04-21,Shorts,15,15.72,3.54,4,0,0,Otoño,9
2021-12-02,Chaqueta,32,32.54,0.0,12,3,0,Verano,13
2022-02-27,Pijama,24,28.64,0.42,2,6,1,Verano,13
2022-10-20,Sandalias,20,19.58,1.67,10,3,0,Primavera,5
2020-11-07,Bufanda,4,22.03,6.14,11,5,1,Primavera,0
2023-12-23,Guantes,15,20.61,0.0,12,5,1,Verano,10
2021-02-09,Chandal,1,28.22,0.0,2,1,0,Verano,1
2023-08-21,Traje de Agua,7,11.47,6.92,8,0,0,Invierno,15
2023-01-17,Frutas,20,30.38,0.0,1,1,0,Verano,14
2020-11-05,Sombrilla,3,10.92,2.51,11,3,0,Primavera,0
2020-08-14,Impermeable,16,14.15,2.36,8,4,0,Invierno,18
2024-07-13,Gafas de sol,26,14.44,3.75,7,5,1,Invierno,5
2023-02-08,Pan,30,37.47,0.0,2,2,0,Verano,18
2024-01-29,Pijama,7,35.21,0.0,1,0,0,Verano,5
2022-02-21,Sandalias,31,31.89,0.4,2,0,0,Verano,19
2022-02-26,Pijama,9,31.64,0.0,2,5,1,Verano,0
2020-05-28,Sudadera,24,15.08,3.83,5,3,0,Otoño,8
2021-08-13,Pan,23,-3.82,4.44,8,4,0,Invierno,10
2021-11-08,Shorts,46,21.48,2.61,11,0,0,Primavera,19
2022-07-19,Chaqueta,49,8.6,3.18,7,1,0,Invierno,15
2022-02-13,Sandalias,2,31.22,0.0,2,6,1,Verano,8
2025-04-18,Pantalon,32,17.58,2.19,4,4,0,Otoño,21
2021-07-11,Bufanda,22,3.07,3.05,7,6,1,Invierno,21
2021-12-16,Traje de Agua,18,25.1,1.2,12,3,0,Verano,13
2023-01-29,Guantes,16,22.61,0.0,1,6,1,Verano,7
2025-03-05,Leche,10,15.41,4.3,3,2,0,Otoño,0
2025-04-27,Pijama,16,14.39,1.66,4,6,1,Otoño,0
2024-02-03,Abrigo,11,29.51,1.29,2,5,1,Verano,4
2020-10-13,Abrigo,9,21.94,2.24,10,1,0,Primavera,1
2024-04-13,Abrigo,27,11.41,4.27,4,5,1,Otoño,4
2024-03-10,Sombrilla,15,17.74,4.1,3,6,1,Otoño,4
2023-04-25,Pantalon,24,10.34,2.99,4,1,0,Otoño,15
2024-05-15,Abrigo,21,17.81,3.39,5,2,0,Otoño,8
2024-03-27,Camiseta,26,14.13,4.34,3,2,0,Otoño,17
2022-10-04,Chaqueta,21,27.24,0.25,10,1,0,Primavera,18
2023-06-25,Pijama,31,12.08,2.76,6,6,1,Invierno,18
2022-02-03,Leche,16,37.95,1.15,2,3,0,Verano,12
2024-08-11,Shorts,21,7.18,4.84,8,6,1,Invierno,10
2024-11-04,Traje de Agua,18,17.68,3.65,11,0,0,Primavera,11
2023-12-03,Zapatos deportivos,19,25.69,0.3,12,6,1,Verano,15
2023-08-11,Botas de agua,32,2.01,5.06,8,4,0,Invierno,18
2022-10-10,Shorts,17,22.35,3.45,10,0,0,Primavera,14
2022-01-26,Chaqueta,20,33.72,0.37,1,2,0,Verano,11
2023-10-15,Leche,46,21.36,3.54,10,6,1,Primavera,36
2025-01-14,Camiseta,17,30.25,0.77,1,1,0,Verano,7
2021-05-08,Abrigo,32,16.87,3.34,5,5,1,Otoño,23
2023-07-05,Abrigo,15,4.29,4.08,7,2,0,Invierno,16
2020-10-04,Zapatos deportivos,23,17.5,0.8,10,6,1,Primavera,2
2024-12-04,Sombrilla,38,33.73,0.01,12,2,0,Verano,32
2020-12-24,Botas de agua,8,32.25,0.85,12,3,0,Verano,6
2022-12-16,Sombrilla,7,41.69,2.06,12,4,0,Verano,13
2020-08-24,Abrigo,17,5.52,4.69,8,0,0,Invierno,15
2021-07-05,Guantes,17,9.13,2.77,7,0,0,Invierno,17
2024-12-25,Pijama,21,34.17,2.87,12,2,0,Verano,9
2022-12-21,Impermeable,5,19.3,0.0,12,2,0,Verano,0
2020-07-27,Pijama,20,-1.08,5.71,7,0,0,Invierno,9
2023-09-09,Chaqueta,28,18.5,0.0,9,5,1,Primavera,16
2024-08-29,Traje de Agua,21,-2.39,1.48,8,3,0,Invierno,14
2020-02-28,Pantalon,30,41.19,0.79,2,4,0,Verano,13
2024-03-24,Pantalon,20,17.3,4.12,3,6,1,Otoño,9
2024-12-17,Gorra,9,22.85,0.0,12,1,0,Verano,3
2024-03-17,Pan,35,13.81,0.99,3,6,1,Otoño,12
2020-12-29,Bufanda,8,27.62,0.52,12,1,0,Verano,4
2021-05-20,Chaqueta,5,22.52,2.51,5,3,0,Otoño,2
2021-09-29,Leche,30,19.89,2.87,9,2,0,Primavera,24
2022-12-27,Sandalias,11,26.55,0.0,12,1,0,Verano,18
2024-04-12,Calcetines,15,11.92,3.4,4,4,0,Otoño,2
2024-03-03,Leche,27,19.37,2.4,3,6,1,Otoño,13
2023-11-15,Sandalias,12,25.2,3.2,11,2,0,Primavera,6
2024-03-04,Camiseta,29,15.23,3.28,3,0,0,Otoño,12
2023-12-27,Bufanda,34,24.8,0.14,12,2,0,Verano,24
2020-04-28,Zapatos deportivos,6,18.07,3.1,4,1,0,Otoño,4
2024-03-30,Shorts,27,12.53,3.19,3,5,1,Otoño,7
2021-12-28,Botas de agua,31,34.28,1.41,12,1,0,Verano,18
2021-06-06,Zapatos deportivos,33,4.96,3.42,6,6,1,Invierno,14
2021-05-28,Frutas,24,20.68,3.41,5,4,0,Otoño,10
2020-03-22,Chandal,18,11.3,2.78,3,6,1,Otoño,16
2024-11-05,Abrigo,1,15.59,3.72,11,1,0,Primavera,0
2024-02-20,Gafas de sol,21,27.44,0.0,2,1,0,Verano,21
2021-01-15,Gorra,17,32.01,0.0,1,4,0,Verano,9
2022-09-05,Pijama,6,23.57,1.03,9,0,0,Primavera,0
2024-07-03,Bufanda,24,2.42,3.81,7,2,0,Invierno,21
2020-03-25,Botas de agua,16,16.18,2.98,3,2,0,Otoño,5
2024-06-23,Sombrilla,23,9.4,1.85,6,6,1,Invierno,6
2020-11-25,Leche,39,18.0,4.64,11,2,0,Primavera,17
2020-01-07,Calcetines,2,31.61,0.13,1,1,0,Verano,0
2021-12-07,Sandalias,13,26.81,0.0,12,1,0,Verano,14
2025-01-09,Botas de agua,1,39.4,0.0,1,3,0,Verano,0
2022-05-14,Sombrilla,22,12.5,4.0,5,5,1,Otoño,16
2022-04-04,Pantalon,17,13.15,3.5,4,0,0,Otoño,9
2021-03-27,Sandalias,26,21.9,5.73,3,5,1,Otoño,6
2021-05-05,Sandalias,20,13.07,2.0,5,2,0,Otoño,6
2023-12-12,Sudadera,15,31.59,0.0,12,1,0,Verano,9
2020-10-14,Traje de Agua,29,23.83,2.57,10,2,0,Primavera,9
2023-12-04,Leche,15,39.53,0.33,12,0,0,Verano,12
2025-04-17,Sudadera,29,11.73,0.78,4,3,0,Otoño,6
2023-08-22,Sombrilla,45,11.46,4.89,8,1,0,Invierno,20
2022-05-15,Gafas de sol,16,16.6,3.91,5,6,1,Otoño,12
2025-01-27,Gorra,32,30.1,2.81,1,0,0,Verano,8
2022-01-29,Gafas de sol,27,32.76,0.0,1,5,1,Verano,32
2024-07-16,Leche,23,-0.27,6.69,7,1,0,Invierno,11
2022-01-27,Traje de Agua,16,35.11,2.6,1,3,0,Verano,14
2022-08-31,Calcetines,32,4.03,4.33,8,2,0,Invierno,11
2024-11-10,Pijama,13,28.57,3.73,11,6,1,Primavera,1
2024-11-26,Traje de Agua,20,10.77,2.37,11,1,0,Primavera,12
2024-05-28,Sudadera,9,21.34,6.54,5,1,0,Otoño,1
2020-11-23,Chaqueta,26,9.3,1.33,11,0,0,Primavera,10
2024-01-03,Chaqueta,6,30.94,0.0,1,2,0,Verano,1
2023-11-21,Camiseta,17,19.99,0.0,11,1,0,Primavera,3
2024-10-04,Chandal,25,11.5,3.07,10,4,0,Primavera,8
2022-05-23,Sudadera,16,12.18,2.59,5,0,0,Otoño,7
2024-11-14,Sudadera,7,13.68,0.3,11,3,0,Primavera,3
2020-06-26,Pan,22,8.97,4.56,6,4,0,Invierno,14
2022-11-03,Abrigo,41,22.62,3.17,11,3,0,Primavera,33
2024-05-11,Traje de Agua,17,12.12,1.12,5,5,1,Otoño,10
2020-03-27,Abrigo,18,16.73,0.0,3,4,0,Otoño,4
2024-06-22,Impermeable,1,8.5,2.79,6,5,1,Invierno,7
2025-01-23,Zapatos deportivos,16,35.35,1.51,1,3,0,Verano,9
2021-04-02,Sandalias,11,18.99,1.31,4,4,0,Otoño,7
2024-11-16,Camiseta,19,19.84,3.66,11,5,1,Primavera,8
2020-02-24,Calcetines,22,37.91,0.0,2,0,0,Verano,9
2024-07-31,Sudadera,34,-0.32,6.49,7,2,0,Invierno,14
2021-10-05,Impermeable,10,21.5,0.0,10,1,0,Primavera,0
2020-08-09,Gafas de sol,2,19.68,2.46,8,6,1,Invierno,0
2020-04-23,Zapatos deportivos,29,11.48,1.08,4,3,0,Otoño,8
2022-07-15,Calcetines,20,10.35,3.87,7,4,0,Invierno,16
2024-03-26,Sombrilla,14,21.67,2.73,3,1,0,Otoño,6
2022-08-01,Gorra,7,1.59,4.32,8,0,0,Invierno,2
2020-06-23,Traje de Agua,21,9.14,7.33,6,1,0,Invierno,19
2024-10-30,Shorts,29,20.23,1.37,10,2,0,Primavera,13
2021-08-12,Zapatos deportivos,20,5.4,5.52,8,3,0,Invierno,4
2024-02-28,Calcetines,22,20.81,0.0,2,2,0,Verano,5
2020-01-19,Guantes,28,24.96,0.16,1,6,1,Verano,23
2021-02-27,Sombrilla,11,29.93,3.25,2,5,1,Verano,18
2023-07-28,Gorra,9,4.96,3.54,7,4,0,Invierno,5
2020-10-12,Shorts,16,13.11,1.82,10,0,0,Primavera,4
2024-03-23,Impermeable,31,20.0,3.92,3,5,1,Otoño,19
2021-03-04,Camiseta,39,18.59,5.77,3,3,0,Otoño,29
2024-01-10,Calcetines,26,35.47,1.11,1,2,0,Verano,9
2025-04-23,Guantes,21,12.07,0.56,4,2,0,Otoño,8
2021-10-31,Guantes,19,16.74,1.05,10,6,1,Primavera,6
2020-02-01,Bufanda,25,30.08,1.77,2,5,1,Verano,15
2022-06-06,Zapatos deportivos,19,1.8,3.4,6,0,0,Invierno,14
2022-07-27,Guantes,14,3.67,2.53,7,2,0,Invierno,13
2020-08-02,Impermeable,12,3.41,5.39,8,6,1,Invierno,19
2022-02-10,Sombrilla,16,27.54,0.29,2,3,0,Verano,20
2020-11-22,Sudadera,19,20.3,0.0,11,6,1,Primavera,10
2021-07-14,Sudadera,15,2.85,2.05,7,2,0,Invierno,11
2025-03-22,Impermeable,6,13.33,3.96,3,5,1,Otoño,4
2021-12-11,Leche,26,24.72,0.69,12,5,1,Verano,18
2023-03-03,Leche,25,15.39,2.36,3,4,0,Otoño,18
2020-12-07,Traje de Agua,18,32.69,0.48,12,0,0,Verano,16
2021-09-21,Camiseta,22,17.23,2.45,9,1,0,Primavera,17
2020-05-27,Shorts,5,12.31,2.17,5,2,0,Otoño,6
2023-03-11,Pantalon,17,18.78,2.05,3,5,1,Otoño,5
2020-12-26,Gafas de sol,10,29.98,1.54,12,5,1,Verano,7
2020-03-24,Shorts,20,20.39,3.44,3,1,0,Otoño,12
2020-02-18,Gorra,38,31.63,1.99,2,1,0,Verano,7
2021-04-13,Pan,36,12.55,4.57,4,1,0,Otoño,16
2020-06-04,Pantalon,2,0.73,2.95,6,3,0,Invierno,2
2022-01-03,Botas de agua,30,20.45,0.99,1,0,0,Verano,22
2022-12-30,Gafas de sol,6,21.37,1.4,12,4,0,Verano,13
2023-04-08,Calcetines,26,14.47,0.11,4,5,1,Otoño,12
2024-10-01,Guantes,34,23.08,0.68,10,1,0,Primavera,21
2023-03-16,Shorts,29,20.54,6.08,3,3,0,Otoño,7
2025-04-11,Camiseta,8,16.79,6.73,4,4,0,Otoño,1
2021-05-15,Abrigo,17,14.12,3.15,5,5,1,Otoño,6
2024-07-20,Sudadera,23,0.48,3.52,7,5,1,Invierno,0
2020-06-28,Gorra,16,8.48,3.3,6,6,1,Invierno,4
2022-10-15,Traje de Agua,14,22.32,2.11,10,5,1,Primavera,5
2023-05-19,Pantalon,1,16.64,3.15,5,4,0,Otoño,0
2022-01-15,Pantalon,23,21.6,0.0,1,5,1,Verano,13
2023-04-13,Botas de agua,1,11.49,2.42,4,3,0,Otoño,0
2024-10-02,Camiseta,22,24.04,1.85,10,2,0,Primavera,13
2021-06-12,Traje de Agua,30,-4.46,3.04,6,5,1,Invierno,22
2020-12-12,Abrigo,13,27.77,0.0,12,5,1,Verano,5
2023-10-12,Pijama,5,25.2,1.11,10,3,0,Primavera,3
2025-03-23,Pijama,28,18.04,5.51,3,6,1,Otoño,12
2025-04-09,Shorts,20,15.22,2.38,4,2,0,Otoño,1
2025-04-04,Gafas de sol,6,17.18,3.71,4,4,0,Otoño,6
2024-04-24,Pantalon,26,18.23,4.89,4,2,0,Otoño,10
2021-08-24,Abrigo,25,2.7,3.91,8,1,0,Invierno,28
2022-10-19,Pantalon,17,25.51,0.6,10,2,0,Primavera,13
2020-08-31,Sombrilla,19,17.62,1.91,8,0,0,Invierno,9
2022-04-21,Impermeable,30,4.44,3.05,4,3,0,Otoño,16
2023-10-10,Zapatos deportivos,28,21.55,1.02,10,1,0,Primavera,20
2023-12-07,Leche,32,32.68,0.21,12,3,0,Verano,7
2020-11-08,Gafas de sol,11,16.9,0.44,11,6,1,Primavera,3
2021-03-11,Shorts,28,14.72,2.97,3,3,0,Otoño,9
2025-01-22,Frutas,26,25.11,1.08,1,2,0,Verano,12
2022-05-31,Frutas,24,22.92,4.72,5,1,0,Otoño,2
2020-11-04,Pan,20,22.74,3.09,11,2,0,Primavera,7
2021-03-06,Calcetines,34,15.35,4.05,3,5,1,Otoño,19
2021-10-22,Leche,31,19.86,5.12,10,4,0,Primavera,10
2021-01-05,Bufanda,24,29.82,0.0,1,1,0,Verano,6
2021-07-20,Guantes,22,7.27,6.63,7,1,0,Invierno,26
2022-07-12,Frutas,39,3.84,2.21,7,1,0,Invierno,10
2020-06-30,Frutas,16,5.33,5.35,6,1,0,Invierno,7
2022-03-28,Traje de Agua,30,20.2,2.89,3,0,0,Otoño,14
2021-09-13,Abrigo,26,16.14,0.0,9,0,0,Primavera,8
2023-05-25,Traje de Agua,39,15.85,3.32,5,3,0,Otoño,23
2023-03-06,Sombrilla,40,17.13,0.92,3,0,0,Otoño,26
2022-06-23,Frutas,2,3.82,5.01,6,3,0,Invierno,4
2024-11-28,Frutas,36,22.2,1.69,11,3,0,Primavera,11
2024-04-21,Zapatos deportivos,26,10.7,0.0,4,6,1,Otoño,7
2020-10-23,Calcetines,15,20.16,0.61,10,4,0,Primavera,8
2024-09-27,Leche,27,22.52,2.14,9,4,0,Primavera,16
2021-04-06,Traje de Agua,33,15.36,2.72,4,1,0,Otoño,22
2024-10-29,Pijama,16,16.22,1.62,10,1,0,Primavera,5
2023-04-19,Gafas de sol,16,15.74,2.3,4,2,0,Otoño,9
2021-01-12,Gorra,37,34.74,0.36,1,1,0,Verano,25
2024-03-29,Pijama,14,13.59,3.44,3,4,0,Otoño,2
2020-04-15,Gorra,16,19.2,3.54,4,2,0,Otoño,4
2020-05-06,Guantes,13,15.49,3.15,5,2,0,Otoño,0
2023-01-05,Shorts,25,30.47,0.0,1,3,0,Verano,17
2022-11-29,Sudadera,19,23.94,2.68,11,1,0,Primavera,11
2020-12-21,Botas de agua,26,35.08,2.39,12,0,0,Verano,3
2024-04-25,Chaqueta,26,6.52,2.53,4,3,0,Otoño,6
2021-11-13,Bufanda,20,15.67,4.24,11,5,1,Primavera,15
2023-02-05,Impermeable,19,35.84,0.0,2,6,1,Verano,16
2023-09-12,Shorts,13,15.94,1.28,9,1,0,Primavera,2
2020-07-28,Bufanda,9,10.88,3.12,7,1,0,Invierno,14
2022-04-14,Leche,15,14.78,4.6,4,3,0,Otoño,1
2020-05-20,Frutas,11,18.27,3.25,5,2,0,Otoño,6
2024-04-22,Pantalon,33,19.51,2.52,4,0,0,Otoño,12
2023-09-02,Botas de agua,19,15.03,1.49,9,5,1,Primavera,9
2024-09-25,Gorra,1,16.36,2.52,9,2,0,Primavera,0
2024-07-04,Pantalon,3,10.51,4.74,7,3,0,Invierno,2
2023-09-28,Gafas de sol,33,20.99,0.0,9,3,0,Primavera,23
2025-03-17,Zapatos deportivos,15,7.69,3.13,3,0,0,Otoño,5
2021-12-12,Sudadera,31,18.17,0.0,12,6,1,Verano,20
2023-05-14,Calcetines,26,21.69,3.94,5,6,1,Otoño,14
2024-04-03,Pan,26,9.68,2.37,4,2,0,Otoño,8
2022-03-21,Traje de Agua,20,15.64,3.81,3,0,0,Otoño,10
2020-01-11,Frutas,14,27.5,1.11,1,5,1,Verano,13
2024-07-09,Shorts,15,-1.94,6.43,7,1,0,Invierno,8
2024-09-07,Traje de Agua,17,15.55,0.86,9,5,1,Primavera,6
2020-10-09,Impermeable,28,19.04,1.1,10,4,0,Primavera,22
2020-10-18,Guantes,14,15.08,0.47,10,6,1,Primavera,5
2022-01-24,Frutas,22,37.19,0.36,1,0,0,Verano,10
2021-09-18,Frutas,25,20.01,6.07,9,5,1,Primavera,20
2025-02-27,Calcetines,13,39.0,1.21,2,3,0,Verano,0
2022-03-23,Chaqueta,36,12.87,4.2,3,2,0,Otoño,12
2020-05-09,Gorra,3,19.5,4.47,5,5,1,Otoño,0
2023-02-18,Pantalon,23,34.1,0.0,2,5,1,Verano,9
2020-11-19,Sombrilla,1,20.25,2.75,11,3,0,Primavera,0
2022-11-27,Camiseta,1,24.77,2.22,11,6,1,Primavera,1
2022-03-09,Leche,32,14.51,4.29,3,2,0,Otoño,18
2022-06-26,Zapatos deportivos,10,7.51,5.57,6,6,1,Invierno,4
2024-12-22,Pijama,12,34.27,1.42,12,6,1,Verano,0
2022-06-08,Chandal,14,4.88,4.54,6,2,0,Invierno,5
2024-12-28,Impermeable,26,26.59,1.98,12,5,1,Verano,14
2021-11-26,Botas de agua,23,18.72,3.18,11,4,0,Primavera,14
2020-08-03,Traje de Agua,31,5.28,5.17,8,0,0,Invierno,20
2022-10-07,Gorra,47,24.7,1.09,10,4,0,Primavera,33
2020-06-07,Leche,32,-0.24,2.11,6,6,1,Invierno,30
2022-07-21,Gafas de sol,24,4.71,4.21,7,3,0,Invierno,5
2021-09-26,Chaqueta,8,20.49,0.0,9,6,1,Primavera,5
2021-05-31,Bufanda,25,14.25,2.8,5,0,0,Otoño,3
2023-10-21,Camiseta,18,20.73,2.68,10,5,1,Primavera,5
2021-08-20,Guantes,38,4.94,2.17,8,4,0,Invierno,29
2020-07-14,Frutas,6,-0.28,5.45,7,1,0,Invierno,3
2024-05-21,Sandalias,23,12.38,3.74,5,1,0,Otoño,12
2022-07-20,Guantes,26,9.55,3.87,7,2,0,Invierno,14
2021-02-14,Pijama,38,38.68,0.0,2,6,1,Verano,14
2020-04-06,Bufanda,13,19.62,2.02,4,0,0,Otoño,9
2022-08-02,Gorra,21,4.76,3.09,8,1,0,Invierno,1
2022-07-06,Impermeable,10,11.69,1.36,7,2,0,Invierno,21
2020-06-05,Botas de agua,1,-2.38,4.8,6,4,0,Invierno,2
2021-02-23,Leche,24,40.91,0.83,2,1,0,Verano,14
2024-10-22,Pantalon,6,25.32,2.92,10,1,0,Primavera,3
2021-04-22,Chaqueta,32,12.99,4.07,4,3,0,Otoño,23
2022-09-12,Sudadera,15,19.0,0.0,9,0,0,Primavera,11
2021-10-30,Impermeable,7,22.18,1.82,10,5,1,Primavera,0
2022-10-03,Botas de agua,39,16.67,1.53,10,0,0,Primavera,12
2024-12-27,Gorra,17,23.53,3.88,12,4,0,Verano,9
2023-06-15,Pijama,27,0.73,2.24,6,3,0,Invierno,13
2021-03-23,Sombrilla,22,13.09,2.06,3,1,0,Otoño,8
2022-09-27,Frutas,12,20.04,0.57,9,1,0,Primavera,9
2020-06-27,Botas de agua,1,1.91,2.81,6,5,1,Invierno,3
2021-01-25,Bufanda,27,31.8,0.0,1,0,0,Verano,13
2021-08-01,Calcetines,17,6.88,3.17,8,6,1,Invierno,14
2023-12-25,Impermeable,20,33.3,2.12,12,0,0,Verano,9
2024-09-29,Abrigo,33,21.56,1.25,9,6,1,Primavera,22
2024-05-20,Gafas de sol,1,19.43,1.55,5,0,0,Otoño,2
2024-05-22,Sudadera,21,17.05,3.48,5,2,0,Otoño,13
2024-09-30,Impermeable,13,18.04,1.3,9,0,0,Primavera,7
2022-03-31,Chandal,26,13.33,1.97,3,3,0,Otoño,11
2022-09-06,Frutas,5,16.08,1.26,9,1,0,Primavera,4
2023-04-07,Leche,14,12.76,2.18,4,4,0,Otoño,1
2024-07-12,Chandal,11,0.95,3.03,7,4,0,Invierno,1
2021-10-26,Camiseta,15,17.83,0.82,10,1,0,Primavera,11
2020-05-22,Traje de Agua,21,2.03,3.0,5,4,0,Otoño,10
2024-01-17,Impermeable,26,30.28,0.87,1,2,0,Verano,4
2025-02-15,Chaqueta,36,40.49,0.55,2,5,1,Verano,9
2021-02-25,Abrigo,32,36.18,0.0,2,3,0,Verano,16
2021-09-28,Guantes,10,21.37,0.82,9,1,0,Primavera,9
2024-12-24,Pantalon,12,34.46,0.0,12,1,0,Verano,6
2022-03-10,Sudadera,28,9.11,4.87,3,3,0,Otoño,8
2024-11-06,Pijama,11,20.73,1.35,11,2,0,Primavera,3
2021-09-07,Pan,6,19.96,0.94,9,1,0,Primavera,3
2020-10-21,Pan,24,27.68,0.43,10,2,0,Primavera,10
2023-08-15,Zapatos deportivos,12,1.76,2.07,8,1,0,Invierno,5
2024-05-13,Sandalias,23,17.35,1.81,5,0,0,Otoño,2
2025-01-26,Botas de agua,1,21.75,0.0,1,6,1,Verano,0
2020-03-29,Sandalias,28,7.38,6.32,3,6,1,Otoño,21
2020-02-11,Frutas,22,31.08,2.17,2,1,0,Verano,12
2024-10-21,Traje de Agua,22,17.44,6.05,10,0,0,Primavera,11
2025-02-25,Sudadera,19,24.44,0.0,2,1,0,Verano,2
2020-05-11,Chaqueta,20,12.35,4.18,5,0,0,Otoño,18
2023-06-22,Sudadera,23,8.56,5.55,6,3,0,Invierno,10
2023-05-16,Pan,15,12.32,4.11,5,1,0,Otoño,7
2022-11-07,Botas de agua,20,30.13,2.11,11,0,0,Primavera,8
2024-12-12,Bufanda,20,36.42,0.0,12,3,0,Verano,4
2023-07-29,Gafas de sol,23,2.82,5.32,7,5,1,Invierno,15
2025-04-30,Sombrilla,18,11.34,0.0,4,2,0,Otoño,6
2020-06-13,Chaqueta,10,3.43,5.63,6,5,1,Invierno,10
2021-12-25,Pantalon,19,28.09,0.0,12,5,1,Verano,14
2020-10-17,Gafas de sol,3,22.02,2.29,10,5,1,Primavera,0
2023-01-16,Shorts,19,39.72,0.0,1,0,0,Verano,20
2025-03-20,Pantalon,6,10.37,6.18,3,3,0,Otoño,0
2025-01-20,Pijama,25,31.48,2.88,1,0,0,Verano,24
2022-08-20,Chandal,14,0.47,1.33,8,5,1,Invierno,9
2022-02-17,Gorra,14,25.36,0.77,2,3,0,Verano,5
2022-04-19,Calcetines,24,22.08,6.06,4,1,0,Otoño,1
2020-12-14,Chandal,24,32.27,1.39,12,0,0,Verano,9
2025-03-08,Gorra,1,11.54,1.87,3,5,1,Otoño,0
2021-07-25,Camiseta,35,7.06,4.52,7,6,1,Invierno,9
2024-02-07,Sandalias,34,27.67,0.0,2,2,0,Verano,31
2025-01-11,Zapatos deportivos,19,35.42,1.99,1,5,1,Verano,0
2023-11-30,Pan,32,17.78,2.8,11,3,0,Primavera,16
2024-03-31,Pijama,27,22.08,2.05,3,6,1,Otoño,10
2023-07-02,Botas de agua,13,9.81,5.72,7,6,1,Invierno,8
2022-08-26,Traje de Agua,27,9.95,6.04,8,4,0,Invierno,24
2021-04-03,Botas de agua,12,12.19,1.05,4,5,1,Otoño,5
2021-01-10,Leche,11,32.43,1.08,1,6,1,Verano,11
2023-07-27,Chandal,14,6.16,4.12,7,3,0,Invierno,10
2020-11-29,Sandalias,20,17.2,3.63,11,6,1,Primavera,4
2023-02-02,Camiseta,35,29.4,0.6,2,3,0,Verano,15
2024-11-02,Impermeable,21,20.07,2.65,11,5,1,Primavera,11
2023-11-19,Impermeable,19,23.52,2.71,11,6,1,Primavera,11
2022-03-27,Chandal,28,25.02,3.21,3,6,1,Otoño,5
2022-12-20,Leche,1,36.36,0.73,12,1,0,Verano,2
2022-08-06,Chandal,16,7.94,4.3,8,5,1,Invierno,6
2024-12-14,Frutas,41,24.9,0.0,12,5,1,Verano,29
2024-11-20,Shorts,16,18.87,2.32,11,2,0,Primavera,6
2025-02-21,Chaqueta,19,30.63,0.67,2,4,0,Verano,16
2023-02-11,Guantes,25,28.69,2.08,2,5,1,Verano,23
2020-11-24,Shorts,24,17.48,0.95,11,1,0,Primavera,6
2022-09-25,Calcetines,43,18.58,2.19,9,6,1,Primavera,22
2020-11-14,Gafas de sol,24,22.19,0.0,11,5,1,Primavera,16
2024-01-30,Pantalon,9,27.7,0.19,1,1,0,Verano,7
2023-08-12,Sombrilla,21,5.16,2.31,8,5,1,Invierno,14
2025-04-13,Zapatos deportivos,19,15.81,2.82,4,6,1,Otoño,11
2020-06-16,Botas de agua,19,2.3,1.92,6,1,0,Invierno,2
2020-01-13,Leche,23,29.2,0.29,1,0,0,Verano,18
2025-02-18,Gafas de sol,16,37.07,0.0,2,1,0,Verano,13
2020-06-20,Gorra,17,1.49,1.96,6,5,1,Invierno,4
2021-10-11,Zapatos deportivos,27,18.32,0.0,10,0,0,Primavera,20
2020-09-17,Pantalon,9,10.29,1.4,9,3,0,Primavera,0
2023-03-27,Zapatos deportivos,21,8.05,3.63,3,0,0,Otoño,13
2023-10-02,Bufanda,22,22.32,2.04,10,0,0,Primavera,8
2022-06-20,Bufanda,18,9.76,5.7,6,0,0,Invierno,24
2021-11-03,Pijama,34,18.5,2.99,11,2,0,Primavera,3
2020-09-15,Traje de Agua,29,24.57,0.9,9,1,0,Primavera,13
2022-04-24,Sudadera,16,13.58,5.14,4,6,1,Otoño,5
2022-05-17,Pan,1,15.25,1.26,5,1,0,Otoño,1
2024-12-19,Shorts,24,29.25,0.0,12,3,0,Verano,21
2020-05-18,Sandalias,21,15.77,3.54,5,0,0,Otoño,10
2022-06-12,Gafas de sol,32,-1.15,5.42,6,6,1,Invierno,14
2024-11-25,Pijama,27,17.61,3.25,11,0,0,Primavera,17
2021-07-03,Camiseta,19,1.47,5.08,7,5,1,Invierno,4
2022-09-21,Sudadera,3,23.34,1.14,9,2,0,Primavera,6
2024-01-27,Leche,22,29.68,0.0,1,5,1,Verano,13
2023-04-17,Camiseta,16,7.93,3.69,4,0,0,Otoño,0
2023-02-20,Chandal,37,28.47,0.0,2,0,0,Verano,28
2021-07-12,Chaqueta,25,3.68,3.55,7,0,0,Invierno,11
2020-05-19,Pantalon,20,16.71,0.87,5,1,0,Otoño,16
2024-08-16,Pijama,4,1.17,5.1,8,4,0,Invierno,0
2021-06-15,Sombrilla,21,-1.27,4.91,6,1,0,Invierno,3
2020-08-12,Sudadera,17,-4.44,3.96,8,2,0,Invierno,1
2021-12-24,Calcetines,34,33.21,0.0,12,4,0,Verano,21
2022-02-25,Camiseta,18,33.13,1.21,2,4,0,Verano,5
2024-08-01,Camiseta,25,2.28,5.12,8,3,0,Invierno,10
2022-08-08,Shorts,20,7.82,6.72,8,0,0,Invierno,7
2021-02-13,Impermeable,32,29.91,2.02,2,5,1,Verano,11
2020-11-21,Pantalon,23,19.76,0.0,11,5,1,Primavera,7
2022-12-04,Gorra,17,22.92,1.74,12,6,1,Verano,10
2020-10-26,Impermeable,33,16.16,0.69,10,0,0,Primavera,9
2023-05-10,Botas de agua,27,21.35,4.2,5,2,0,Otoño,16
2025-02-05,Leche,13,35.98,1.94,2,2,0,Verano,4
2020-01-26,Leche,38,34.88,0.0,1,6,1,Verano,19
2024-12-16,Pan,28,39.18,3.05,12,0,0,Verano,5
2021-12-15,Gafas de sol,27,27.08,2.52,12,2,0,Verano,32
2022-08-10,Zapatos deportivos,19,-9.11,3.58,8,2,0,Invierno,14
2020-07-12,Chaqueta,18,-1.45,6.11,7,6,1,Invierno,4
2021-03-16,Abrigo,20,9.07,2.85,3,1,0,Otoño,2
2021-07-27,Pijama,4,6.61,3.48,7,1,0,Invierno,2
2022-08-04,Sandalias,1,10.82,5.63,8,3,0,Invierno,0
2021-05-18,Sudadera,16,8.81,3.24,5,1,0,Otoño,7
2021-08-28,Sombrilla,1,8.72,4.83,8,5,1,Invierno,0
2024-08-08,Guantes,25,2.89,2.31,8,3,0,Invierno,29
2023-02-06,Leche,12,37.05,0.0,2,0,0,Verano,4
2024-10-06,Sombrilla,21,30.31,2.78,10,6,1,Primavera,9
2022-04-26,Abrigo,24,15.78,4.19,4,1,0,Otoño,11
2020-01-04,Camiseta,18,38.0,0.0,1,5,1,Verano,15
2023-01-23,Gorra,2,29.99,0.0,1,0,0,Verano,3
2023-04-05,Bufanda,19,17.6,0.0,4,2,0,Otoño,11
2021-04-12,Shorts,27,13.79,2.57,4,0,0,Otoño,9
2020-11-17,Shorts,16,21.86,1.76,11,1,0,Primavera,0
2020-01-06,Leche,31,31.42,0.0,1,0,0,Verano,9
2020-08-10,Shorts,6,7.29,5.97,8,0,0,Invierno,6
2023-08-28,Abrigo,4,6.73,2.49,8,0,0,Invierno,6
2021-07-01,Frutas,17,0.31,5.39,7,3,0,Invierno,5
2020-08-16,Shorts,21,5.7,4.81,8,6,1,Invierno,10
2020-02-09,Impermeable,22,25.38,0.26,2,6,1,Verano,5
2021-06-26,Pan,4,4.06,5.41,6,5,1,Invierno,5
2020-08-30,Gafas de sol,16,4.11,4.22,8,6,1,Invierno,8
2022-06-17,Camiseta,1,6.23,3.34,6,4,0,Invierno,0
2023-01-07,Zapatos deportivos,13,24.47,0.0,1,5,1,Verano,5
2020-05-16,Botas de agua,15,13.26,3.33,5,5,1,Otoño,5
2023-03-05,Bufanda,1,20.1,2.42,3,6,1,Otoño,0
2024-09-05,Shorts,30,18.26,0.5,9,3,0,Primavera,6
2024-03-12,Sombrilla,16,13.29,3.19,3,1,0,Otoño,6
2022-09-03,Botas de agua,4,20.37,1.36,9,5,1,Primavera,0
2022-04-09,Frutas,30,16.29,2.19,4,5,1,Otoño,15
2021-03-21,Impermeable,19,22.69,4.62,3,6,1,Otoño,6
2022-04-22,Calcetines,21,18.83,1.16,4,4,0,Otoño,13
2022-11-24,Calcetines,26,16.77,1.18,11,3,0,Primavera,11
2023-10-11,Pijama,12,27.64,2.39,10,2,0,Primavera,6
2024-04-17,Shorts,26,16.33,2.28,4,2,0,Otoño,2
2024-11-13,Pantalon,20,17.71,4.32,11,2,0,Primavera,5
2021-08-04,Chandal,13,9.25,7.85,8,2,0,Invierno,14
2024-09-14,Botas de agua,14,24.24,0.0,9,5,1,Primavera,4
2025-04-01,Abrigo,25,10.87,2.89,4,1,0,Otoño,9
2021-10-23,Bufanda,12,19.99,0.49,10,5,1,Primavera,3
2021-03-12,Gorra,17,17.02,2.53,3,4,0,Otoño,8
2024-12-13,Camiseta,19,33.55,0.19,12,4,0,Verano,5
2021-01-11,Bufanda,14,33.77,2.48,1,0,0,Verano,9
2025-04-06,Zapatos deportivos,8,12.61,1.75,4,6,1,Otoño,0
2022-08-23,Pan,22,3.75,4.44,8,1,0,Invierno,13
2023-03-24,Botas de agua,1,10.81,3.26,3,4,0,Otoño,6
2020-11-10,Traje de Agua,23,20.92,0.4,11,1,0,Primavera,18
2024-08-19,Traje de Agua,17,5.05,3.78,8,0,0,Invierno,14
2021-03-18,Camiseta,19,17.02,2.38,3,3,0,Otoño,14
2023-01-19,Zapatos deportivos,21,31.5,0.19,1,3,0,Verano,20
2020-11-15,Pantalon,16,23.66,2.66,11,6,1,Primavera,3
2020-10-08,Leche,24,25.73,1.86,10,3,0,Primavera,15
2021-11-22,Bufanda,8,17.24,2.81,11,0,0,Primavera,8
2024-05-01,Sandalias,28,11.95,1.0,5,2,0,Otoño,16
2024-01-04,Guantes,13,23.03,0.0,1,3,0,Verano,0
2021-02-28,Chandal,18,38.33,0.0,2,6,1,Verano,8
2021-07-07,Sudadera,15,10.95,3.7,7,2,0,Invierno,14
2021-08-17,Pan,26,1.44,5.66,8,1,0,Invierno,11
2025-03-26,Guantes,29,10.97,2.04,3,2,0,Otoño,18
2021-01-03,Traje de Agua,15,35.09,0.0,1,6,1,Verano,15
2023-12-19,Sudadera,17,26.86,1.33,12,1,0,Verano,12
2023-09-14,Calcetines,21,15.64,3.84,9,3,0,Primavera,7
2021-09-14,Traje de Agua,37,14.26,0.94,9,1,0,Primavera,25
2025-03-07,Botas de agua,27,12.13,1.43,3,4,0,Otoño,16
2024-04-23,Calcetines,6,16.34,0.95,4,1,0,Otoño,8
2023-11-03,Sombrilla,20,21.22,4.01,11,4,0,Primavera,14
2020-08-15,Camiseta,24,12.62,0.0,8,5,1,Invierno,8
2022-12-23,Frutas,30,33.98,0.0,12,4,0,Verano,6
2023-05-08,Traje de Agua,44,10.09,3.28,5,0,0,Otoño,33
2023-07-16,Pantalon,10,0.15,3.26,7,6,1,Invierno,3
2022-12-03,Sandalias,5,19.52,1.6,12,5,1,Verano,8
2020-03-07,Calcetines,21,15.86,4.02,3,5,1,Otoño,18
2021-01-28,Pijama,4,33.67,0.0,1,3,0,Verano,0
2021-08-02,Gorra,34,-0.01,5.83,8,0,0,Invierno,17
2020-01-25,Guantes,6,30.8,1.19,1,5,1,Verano,0
2020-07-30,Sandalias,24,4.91,4.44,7,3,0,Invierno,8
2024-11-01,Shorts,9,19.65,0.34,11,4,0,Primavera,1
2020-05-24,Camiseta,31,20.95,5.02,5,6,1,Otoño,6
2021-06-20,Bufanda,26,3.62,6.56,6,6,1,Invierno,23
2022-03-22,Chaqueta,11,17.51,3.24,3,1,0,Otoño,3
2022-12-25,Impermeable,1,32.79,1.14,12,6,1,Verano,2
2020-03-26,Gafas de sol,14,14.52,2.35,3,3,0,Otoño,6
2023-02-25,Botas de agua,14,27.71,0.31,2,5,1,Verano,7
2023-08-08,Sudadera,20,3.52,4.95,8,1,0,Invierno,18
2024-10-24,Sandalias,14,23.01,2.53,10,3,0,Primavera,6
2023-08-26,Frutas,1,8.79,2.74,8,5,1,Invierno,7
2023-01-18,Calcetines,24,27.48,0.0,1,2,0,Verano,6
2020-12-28,Pijama,19,28.14,2.37,12,0,0,Verano,6
2024-04-20,Chandal,23,8.83,0.62,4,5,1,Otoño,11
2023-01-26,Shorts,23,28.98,0.0,1,3,0,Verano,14
2022-10-23,Pantalon,14,18.51,1.37,10,6,1,Primavera,1
2022-10-27,Pantalon,6,24.83,0.0,10,3,0,Primavera,0
2023-03-31,Shorts,13,9.54,2.9,3,4,0,Otoño,2
2023-08-09,Botas de agua,25,2.58,2.04,8,2,0,Invierno,11
2025-04-24,Botas de agua,24,14.03,4.7,4,3,0,Otoño,12
2021-10-27,Impermeable,23,22.12,1.96,10,2,0,Primavera,9
2020-12-30,Sombrilla,29,21.51,0.99,12,2,0,Verano,32
2020-03-18,Calcetines,25,14.03,3.67,3,2,0,Otoño,2
2020-01-28,Pijama,27,21.77,0.98,1,1,0,Verano,11
2024-09-04,Camiseta,14,17.47,1.96,9,2,0,Primavera,11
2021-06-09,Sudadera,29,12.07,4.33,6,2,0,Invierno,21
2024-11-22,Bufanda,26,22.61,2.82,11,4,0,Primavera,18
2020-02-25,Frutas,28,31.21,0.0,2,1,0,Verano,9
2021-09-30,Bufanda,8,20.79,4.92,9,3,0,Primavera,6
2020-10-29,Shorts,2,27.21,1.71,10,3,0,Primavera,3
2021-12-19,Frutas,22,27.96,0.02,12,6,1,Verano,17
2021-09-16,Sandalias,10,20.93,1.05,9,3,0,Primavera,4
2020-01-08,Gafas de sol,15,28.83,0.0,1,2,0,Verano,10
2022-03-14,Chaqueta,17,18.12,2.74,3,0,0,Otoño,9
2022-11-15,Traje de Agua,20,12.8,0.69,11,1,0,Primavera,12
2020-12-02,Sombrilla,21,33.22,0.35,12,2,0,Verano,21
2020-02-17,Camiseta,15,40.43,1.2,2,0,0,Verano,5
2023-12-11,Pantalon,10,30.54,1.29,12,0,0,Verano,9
2020-04-16,Chandal,16,17.21,2.24,4,3,0,Otoño,2
2020-12-15,Sombrilla,14,21.48,1.26,12,1,0,Verano,14
2020-08-26,Gorra,8,5.19,2.97,8,2,0,Invierno,2
2020-08-01,Gafas de sol,26,7.17,1.34,8,5,1,Invierno,11
2024-04-30,Botas de agua,27,16.94,3.55,4,1,0,Otoño,9
2023-01-12,Frutas,17,26.46,0.19,1,3,0,Verano,6
2022-03-04,Sudadera,10,19.9,3.35,3,4,0,Otoño,8
2023-07-26,Sudadera,11,6.86,6.04,7,2,0,Invierno,4
2024-06-18,Guantes,15,8.57,6.18,6,1,0,Invierno,14
2021-06-07,Calcetines,13,10.44,6.67,6,0,0,Invierno,6
2020-08-20,Leche,21,13.85,1.06,8,3,0,Invierno,3
2021-10-06,Zapatos deportivos,27,22.63,0.0,10,2,0,Primavera,14
2024-01-08,Camiseta,7,29.36,0.0,1,0,0,Verano,4
2021-06-17,Impermeable,1,2.62,2.21,6,3,0,Invierno,12
2024-01-09,Sombrilla,25,33.76,0.09,1,1,0,Verano,17
2021-08-26,Impermeable,23,3.84,0.91,8,3,0,Invierno,19
2023-03-23,Shorts,35,14.59,3.75,3,3,0,Otoño,12
2022-12-10,Guantes,22,36.41,0.0,12,5,1,Verano,24
2024-10-13,Sudadera,22,22.22,0.87,10,6,1,Primavera,14
2020-03-01,Botas de agua,34,15.61,0.0,3,6,1,Otoño,13
2023-05-11,Sudadera,22,14.93,3.85,5,3,0,Otoño,15
2020-04-02,Frutas,21,5.23,2.14,4,3,0,Otoño,9
2021-10-28,Pan,26,19.36,4.47,10,3,0,Primavera,13
2020-10-07,Shorts,12,18.44,2.08,10,2,0,Primavera,10
2022-12-19,Chandal,6,33.24,1.83,12,0,0,Verano,4
2020-12-25,Chandal,27,31.74,0.05,12,4,0,Verano,20
2023-09-05,Pan,23,21.03,2.1,9,1,0,Primavera,11
2023-02-12,Zapatos deportivos,17,32.64,1.53,2,6,1,Verano,12
2022-04-27,Impermeable,39,20.99,3.42,4,2,0,Otoño,32
2023-08-31,Sudadera,24,8.83,5.5,8,3,0,Invierno,13
2020-04-20,Gorra,4,21.4,4.01,4,0,0,Otoño,1
2020-02-12,Abrigo,11,24.27,0.0,2,2,0,Verano,11
2020-05-05,Abrigo,23,23.45,3.32,5,1,0,Otoño,5
2020-07-23,Pan,35,0.12,2.72,7,3,0,Invierno,6
2020-02-22,Leche,22,38.36,3.59,2,5,1,Verano,16
2021-06-29,Sandalias,30,7.49,4.77,6,1,0,Invierno,18
2020-03-09,Sombrilla,25,12.79,2.6,3,0,0,Otoño,13
2023-01-10,Pan,18,24.75,0.0,1,1,0,Verano,8
2024-02-16,Gorra,6,26.63,0.26,2,4,0,Verano,4
2020-07-02,Bufanda,18,5.13,4.27,7,3,0,Invierno,21
2020-05-17,Frutas,23,22.06,2.66,5,6,1,Otoño,20
2022-06-18,Pijama,8,1.41,4.18,6,5,1,Invierno,1
2022-03-07,Traje de Agua,29,20.56,6.05,3,0,0,Otoño,19
2020-05-12,Zapatos deportivos,19,13.91,2.91,5,1,0,Otoño,8
2020-03-21,Bufanda,7,14.89,2.06,3,5,1,Otoño,0
2024-02-10,Abrigo,33,19.19,0.53,2,5,1,Verano,27
2021-06-25,Pan,1,2.84,3.31,6,4,0,Invierno,0
2024-04-04,Botas de agua,12,13.15,0.76,4,3,0,Otoño,4
2022-09-10,Sudadera,27,19.65,2.3,9,5,1,Primavera,18
2020-06-14,Sandalias,31,1.03,5.37,6,6,1,Invierno,10
2020-09-05,Chaqueta,13,18.28,0.52,9,5,1,Primavera,0
2021-03-22,Chandal,11,12.93,1.52,3,0,0,Otoño,7
2023-01-22,Pan,35,23.29,0.0,1,6,1,Verano,20
2022-05-08,Gorra,17,9.95,5.14,5,6,1,Otoño,16
2023-03-25,Botas de agua,12,15.34,1.97,3,5,1,Otoño,6
2020-04-07,Chandal,20,21.17,4.17,4,1,0,Otoño,9
2025-04-05,Traje de Agua,19,10.48,3.0,4,5,1,Otoño,9
2022-01-07,Pijama,8,24.26,0.0,1,4,0,Verano,6
2023-09-07,Frutas,26,20.41,3.59,9,3,0,Primavera,11
2020-04-12,Gorra,32,12.75,3.33,4,6,1,Otoño,10
2021-03-10,Pan,16,16.79,4.36,3,2,0,Otoño,7
2020-03-15,Camiseta,43,20.1,4.49,3,6,1,Otoño,32
2024-10-11,Pantalon,13,17.99,0.0,10,4,0,Primavera,7
2023-03-15,Sandalias,12,16.86,1.29,3,2,0,Otoño,4
2022-07-07,Chaqueta,15,8.75,1.74,7,3,0,Invierno,13
2024-07-26,Botas de agua,16,3.15,3.58,7,4,0,Invierno,3
2024-06-17,Camiseta,22,7.5,5.33,6,0,0,Invierno,10
2024-04-29,Botas de agua,24,9.44,2.58,4,0,0,Otoño,11
2022-02-01,Frutas,23,23.7,0.0,2,1,0,Verano,15
2022-09-16,Frutas,13,23.54,2.83,9,4,0,Primavera,10
2021-01-23,Guantes,29,28.57,2.33,1,5,1,Verano,27
2020-08-23,Botas de agua,1,7.84,3.47,8,6,1,Invierno,3
2024-01-07,Chandal,17,27.0,2.08,1,6,1,Verano,5
2020-09-24,Sombrilla,3,13.89,1.42,9,3,0,Primavera,3
2023-06-12,Shorts,27,2.42,4.01,6,0,0,Invierno,20
2020-04-27,Zapatos deportivos,14,13.66,2.35,4,0,0,Otoño,10
2024-04-15,Sombrilla,18,18.22,3.14,4,0,0,Otoño,10
2021-11-04,Gorra,23,24.0,3.16,11,3,0,Primavera,13
2020-09-06,Camiseta,7,25.42,1.11,9,6,1,Primavera,3
2025-02-02,Gorra,1,29.09,0.0,2,6,1,Verano,2
2025-04-26,Guantes,32,12.07,4.19,4,5,1,Otoño,21
2020-04-04,Frutas,16,11.37,2.54,4,5,1,Otoño,14
2020-02-03,Abrigo,14,22.61,1.01,2,0,0,Verano,5
2023-11-25,Sandalias,9,16.86,0.78,11,5,1,Primavera,9
2024-06-14,Shorts,16,2.61,4.45,6,4,0,Invierno,1
2021-03-24,Gafas de sol,21,17.58,2.21,3,2,0,Otoño,19
2021-12-17,Zapatos deportivos,16,19.79,1.15,12,4,0,Verano,13
2025-01-12,Camiseta,15,26.5,0.0,1,6,1,Verano,6
2025-02-13,Sandalias,19,19.4,2.54,2,3,0,Verano,14
2020-01-01,Guantes,18,26.97,0.2,1,2,0,Verano,13
2023-08-29,Leche,9,5.25,3.02,8,1,0,Invierno,0
2023-01-06,Pijama,25,34.65,0.0,1,4,0,Verano,11
2023-01-13,Pantalon,34,26.29,2.1,1,4,0,Verano,13
2020-03-23,Pantalon,17,16.64,2.72,3,0,0,Otoño,9
2023-06-05,Shorts,27,-8.25,4.51,6,0,0,Invierno,10
2021-11-07,Pan,32,22.37,3.91,11,6,1,Primavera,16
2023-11-13,Guantes,23,19.18,0.85,11,0,0,Primavera,5
2022-11-12,Abrigo,11,16.31,0.0,11,5,1,Primavera,6
2022-02-09,Impermeable,22,29.94,1.5,2,2,0,Verano,18
2024-06-07,Sandalias,12,0.93,5.51,6,4,0,Invierno,4
2023-05-30,Abrigo,20,16.88,1.71,5,1,0,Otoño,15
2024-03-20,Pijama,13,13.66,0.73,3,2,0,Otoño,5
2023-12-20,Bufanda,18,28.65,1.77,12,2,0,Verano,6
2021-02-08,Shorts,3,29.67,0.41,2,0,0,Verano,0
2024-08-09,Abrigo,12,1.3,6.78,8,4,0,Invierno,19
2023-11-24,Pantalon,38,17.99,1.39,11,4,0,Primavera,20
2023-07-25,Traje de Agua,48,1.59,2.63,7,1,0,Invierno,53
2020-04-14,Gorra,5,19.26,4.03,4,1,0,Otoño,0
2021-11-19,Abrigo,17,21.51,1.07,11,4,0,Primavera,7
2025-03-09,Bufanda,18,12.01,3.43,3,6,1,Otoño,14
2022-04-06,Sandalias,18,18.74,3.58,4,2,0,Otoño,3
2020-03-03,Shorts,32,16.79,3.09,3,1,0,Otoño,10
2022-05-02,Zapatos deportivos,26,11.07,4.77,5,0,0,Otoño,8
2023-08-07,Zapatos deportivos,22,10.64,4.08,8,0,0,Invierno,10
2020-08-11,Pijama,23,4.43,4.5,8,1,0,Invierno,13
2020-05-25,Abrigo,11,21.79,1.04,5,0,0,Otoño,8
2022-12-24,Calcetines,28,34.61,1.57,12,5,1,Verano,18
2021-01-08,Gorra,24,21.66,0.33,1,4,0,Verano,3
2023-10-13,Leche,17,20.66,0.3,10,4,0,Primavera,15
2023-02-16,Gorra,24,32.48,0.0,2,3,0,Verano,8
2024-11-15,Shorts,14,23.31,0.99,11,4,0,Primavera,7
2023-12-26,Sombrilla,12,27.62,3.97,12,1,0,Verano,13
2024-04-10,Gafas de sol,13,8.52,3.11,4,2,0,Otoño,4
2023-05-18,Pantalon,1,10.4,3.84,5,3,0,Otoño,0
2020-01-10,Traje de Agua,36,28.19,1.29,1,4,0,Verano,25
2021-03-25,Guantes,9,15.91,2.24,3,3,0,Otoño,7
2021-12-09,Sudadera,9,25.04,3.57,12,3,0,Verano,8
2020-09-12,Gorra,33,16.24,2.34,9,5,1,Primavera,12
2022-06-01,Guantes,30,8.29,4.47,6,2,0,Invierno,21
2021-01-24,Bufanda,15,34.59,0.0,1,6,1,Verano,3
2022-06-27,Guantes,31,-1.63,6.02,6,0,0,Invierno,27
2022-07-13,Camiseta,12,5.9,5.23,7,2,0,Invierno,0
2024-07-18,Chandal,1,11.63,2.54,7,3,0,Invierno,7
2024-02-12,Pijama,23,23.65,1.84,2,0,0,Verano,11
2021-04-05,Gafas de sol,1,18.73,3.27,4,0,0,Otoño,0
2023-05-17,Gorra,8,15.78,3.1,5,2,0,Otoño,6
2023-03-14,Gorra,29,22.11,2.94,3,1,0,Otoño,8
2022-08-16,Sandalias,35,6.3,5.87,8,1,0,Invierno,4
2021-05-16,Sandalias,11,15.22,1.12,5,6,1,Otoño,1
2022-01-09,Leche,18,28.57,3.35,1,6,1,Verano,21
2024-12-07,Chaqueta,20,16.16,1.48,12,5,1,Verano,0
2022-05-18,Chaqueta,25,14.48,1.55,5,2,0,Otoño,15
2022-01-01,Impermeable,32,29.1,0.11,1,5,1,Verano,20
2021-06-23,Guantes,14,4.78,6.02,6,2,0,Invierno,21
2021-11-28,Pantalon,34,25.75,2.25,11,6,1,Primavera,23
2023-09-15,Botas de agua,25,26.75,3.28,9,4,0,Primavera,6
2025-03-29,Abrigo,24,18.1,3.02,3,5,1,Otoño,3
2023-02-19,Pijama,22,29.61,1.77,2,6,1,Verano,14
2022-10-28,Shorts,20,25.89,2.58,10,4,0,Primavera,9
2021-01-07,Sombrilla,28,27.72,2.33,1,3,0,Verano,28
2021-10-29,Chandal,7,12.15,1.57,10,4,0,Primavera,1
2024-01-26,Pantalon,40,33.48,0.0,1,4,0,Verano,10
2020-12-23,Gorra,21,42.0,1.54,12,2,0,Verano,20
2022-08-25,Leche,15,8.38,2.8,8,3,0,Invierno,11
2022-02-22,Sandalias,17,32.09,1.37,2,1,0,Verano,16
2022-01-05,Impermeable,15,29.61,0.67,1,2,0,Verano,16
2022-11-01,Impermeable,11,21.0,1.87,11,1,0,Primavera,9
2022-08-28,Sombrilla,29,0.94,5.14,8,6,1,Invierno,3
2024-11-17,Pijama,1,17.76,0.0,11,6,1,Primavera,0
2023-12-18,Calcetines,3,26.18,0.0,12,0,0,Verano,11
2024-11-03,Pan,21,20.04,2.68,11,6,1,Primavera,17
2025-02-12,Camiseta,9,31.64,0.0,2,2,0,Verano,2
2024-07-08,Sombrilla,17,9.3,4.07,7,0,0,Invierno,7
2024-07-30,Bufanda,13,2.1,2.13,7,1,0,Invierno,19
2022-06-04,Sombrilla,14,13.09,3.52,6,5,1,Invierno,6
2020-03-20,Chaqueta,22,17.4,2.4,3,4,0,Otoño,3
2023-03-18,Abrigo,25,19.43,0.0,3,5,1,Otoño,5
2022-03-25,Zapatos deportivos,26,10.52,4.86,3,4,0,Otoño,10
2024-08-10,Camiseta,32,-1.45,5.34,8,5,1,Invierno,12
2021-11-02,Sombrilla,16,22.44,0.89,11,1,0,Primavera,9
2024-02-01,Shorts,31,33.27,0.0,2,3,0,Verano,30
2020-02-27,Botas de agua,14,36.62,2.55,2,3,0,Verano,8
2020-05-13,Zapatos deportivos,15,14.06,2.92,5,2,0,Otoño,2
2023-02-14,Chaqueta,15,37.07,0.85,2,1,0,Verano,12
2022-07-22,Bufanda,27,3.94,2.56,7,4,0,Invierno,12
2024-06-29,Pijama,25,3.68,3.31,6,5,1,Invierno,12
2022-04-03,Leche,28,18.96,3.3,4,6,1,Otoño,8
2023-04-29,Chandal,11,18.39,2.12,4,5,1,Otoño,7
2021-05-19,Traje de Agua,27,18.13,3.79,5,2,0,Otoño,14
2024-09-24,Pijama,15,17.14,2.02,9,1,0,Primavera,1
2020-12-13,Bufanda,21,27.39,0.0,12,6,1,Verano,8
2021-01-21,Botas de agua,13,35.35,1.35,1,3,0,Verano,6
2022-10-21,Gorra,32,17.64,2.7,10,4,0,Primavera,22
2022-06-13,Botas de agua,10,10.94,2.61,6,0,0,Invierno,10
2022-04-08,Gafas de sol,2,15.58,3.64,4,4,0,Otoño,0
2025-01-17,Guantes,4,30.36,2.22,1,4,0,Verano,0
2021-04-20,Camiseta,8,10.72,5.28,4,1,0,Otoño,3
2023-12-02,Camiseta,33,28.25,0.03,12,5,1,Verano,4
2024-09-22,Sombrilla,34,17.05,4.71,9,6,1,Primavera,16
2023-09-19,Pijama,14,26.44,2.12,9,1,0,Primavera,6
2021-10-14,Pan,11,19.67,2.08,10,3,0,Primavera,5
2020-06-21,Sudadera,20,9.23,2.71,6,6,1,Invierno,8
2023-02-23,Sudadera,16,26.55,1.72,2,3,0,Verano,6
2020-02-08,Camiseta,1,21.2,0.99,2,5,1,Verano,0
2021-12-14,Frutas,20,40.53,0.0,12,1,0,Verano,8
2020-03-31,Gafas de sol,13,20.5,5.6,3,1,0,Otoño,10
2025-02-28,Botas de agua,33,27.65,0.0,2,4,0,Verano,23
2023-04-20,Leche,30,12.28,4.5,4,3,0,Otoño,12
2022-05-25,Camiseta,25,15.18,3.44,5,2,0,Otoño,1
2023-10-25,Gorra,6,26.98,1.46,10,2,0,Primavera,5
2022-12-29,Sombrilla,16,33.71,2.08,12,3,0,Verano,21
2023-03-01,Chaqueta,12,11.41,3.1,3,2,0,Otoño,3
2023-08-17,Zapatos deportivos,22,7.09,0.0,8,3,0,Invierno,9
2025-03-21,Botas de agua,21,10.13,6.08,3,4,0,Otoño,13
2021-05-14,Pan,22,15.19,1.88,5,4,0,Otoño,7
2020-12-04,Pan,29,33.41,1.26,12,4,0,Verano,9
2023-04-03,Abrigo,19,15.83,0.43,4,0,0,Otoño,9
2020-01-29,Traje de Agua,27,28.15,0.0,1,2,0,Verano,15
2023-05-02,Frutas,37,12.79,1.86,5,1,0,Otoño,25
2023-07-10,Pantalon,23,3.43,5.48,7,0,0,Invierno,8
2024-11-09,Zapatos deportivos,27,25.33,1.66,11,5,1,Primavera,22
2022-08-03,Abrigo,16,-1.94,2.36,8,2,0,Invierno,18
2020-06-18,Pan,25,6.41,4.16,6,3,0,Invierno,24
2024-01-11,Chandal,26,35.5,0.0,1,3,0,Verano,18
2023-04-12,Abrigo,21,16.77,1.02,4,2,0,Otoño,9
2023-06-07,Guantes,30,-6.63,3.64,6,2,0,Invierno,22
2022-07-01,Zapatos deportivos,17,15.32,3.4,7,4,0,Invierno,14
2021-05-06,Traje de Agua,23,13.85,1.04,5,3,0,Otoño,18
2022-08-11,Gafas de sol,18,5.2,5.14,8,3,0,Invierno,3
2023-01-02,Camiseta,21,30.93,0.0,1,0,0,Verano,15
2022-10-29,Bufanda,21,20.88,1.95,10,5,1,Primavera,5
2021-08-10,Pantalon,14,-3.44,4.64,8,1,0,Invierno,10
2022-01-20,Camiseta,7,27.51,0.0,1,3,0,Verano,3
2021-10-19,Botas de agua,23,23.49,1.86,10,1,0,Primavera,11
2020-08-22,Guantes,29,1.79,6.49,8,5,1,Invierno,30
2022-01-02,Chandal,16,38.54,0.0,1,6,1,Verano,8
2025-04-20,Leche,11,4.79,0.0,4,6,1,Otoño,6
2024-05-10,Calcetines,15,20.6,2.67,5,4,0,Otoño,15
2023-03-02,Leche,27,7.78,1.98,3,3,0,Otoño,8
2024-10-25,Traje de Agua,15,18.49,3.74,10,4,0,Primavera,11
2023-10-17,Zapatos deportivos,33,9.33,0.0,10,1,0,Primavera,20
2024-05-06,Bufanda,26,14.33,2.45,5,0,0,Otoño,15
2022-07-23,Calcetines,19,-0.86,6.6,7,5,1,Invierno,16
2023-04-24,Sudadera,28,16.81,2.89,4,0,0,Otoño,0
2022-12-01,Gafas de sol,18,26.28,3.01,12,3,0,Verano,14
2020-04-18,Traje de Agua,25,17.55,2.11,4,5,1,Otoño,21
2024-02-11,Sudadera,24,35.81,1.92,2,6,1,Verano,4
2021-07-22,Sombrilla,23,1.52,2.43,7,3,0,Invierno,7
2023-03-13,Botas de agua,23,5.62,4.6,3,0,0,Otoño,23
2023-03-20,Abrigo,15,18.17,4.53,3,0,0,Otoño,0
2022-06-09,Pijama,2,-1.83,4.28,6,3,0,Invierno,1
2022-08-05,Calcetines,4,9.05,4.44,8,4,0,Invierno,0
2022-11-14,Sandalias,7,12.01,0.64,11,0,0,Primavera,0
2023-08-06,Calcetines,18,6.75,7.33,8,6,1,Invierno,17
2025-04-10,Abrigo,40,9.97,4.77,4,3,0,Otoño,20
2023-11-08,Abrigo,40,24.45,1.79,11,2,0,Primavera,11
2022-06-03,Camiseta,28,6.06,4.63,6,4,0,Invierno,20
2024-09-02,Impermeable,15,18.62,0.73,9,0,0,Primavera,5
2022-04-30,Gorra,22,20.62,5.25,4,5,1,Otoño,6
2022-01-04,Abrigo,16,35.62,0.0,1,1,0,Verano,2
2021-12-18,Sombrilla,31,30.22,0.1,12,5,1,Verano,25
2021-03-30,Chaqueta,27,12.36,2.38,3,1,0,Otoño,15
2020-09-21,Gafas de sol,39,18.83,0.0,9,0,0,Primavera,20
2020-03-16,Chandal,1,13.32,2.1,3,0,0,Otoño,0
2024-06-04,Sandalias,14,3.78,4.54,6,1,0,Invierno,6
2021-03-20,Sudadera,30,9.29,3.68,3,5,1,Otoño,26
2021-01-30,Camiseta,23,33.69,0.53,1,5,1,Verano,22
2020-06-25,Gafas de sol,9,3.89,3.2,6,3,0,Invierno,4
2022-11-08,Leche,16,20.92,0.0,11,1,0,Primavera,7
2024-08-17,Traje de Agua,7,6.09,6.12,8,5,1,Invierno,14
2023-09-24,Pantalon,21,18.91,0.0,9,6,1,Primavera,9
2023-09-03,Shorts,22,27.36,3.0,9,6,1,Primavera,5
2021-08-18,Calcetines,40,9.0,6.44,8,2,0,Invierno,16
2020-03-02,Gafas de sol,14,7.21,4.67,3,0,0,Otoño,10
2023-07-20,Chandal,18,5.75,5.06,7,3,0,Invierno,13
2022-05-22,Pan,15,19.02,2.29,5,6,1,Otoño,19
2023-12-21,Pan,29,27.65,1.69,12,3,0,Verano,23
2025-01-03,Abrigo,32,27.69,1.97,1,4,0,Verano,6
2020-10-05,Abrigo,20,27.56,1.74,10,0,0,Primavera,10
2020-02-06,Shorts,29,35.65,0.0,2,3,0,Verano,27
2024-01-16,Camiseta,19,20.61,0.86,1,1,0,Verano,15
2021-10-24,Pijama,19,13.61,2.62,10,6,1,Primavera,10
2024-10-26,Calcetines,24,15.74,1.69,10,5,1,Primavera,4
2023-11-06,Sandalias,10,22.03,3.2,11,0,0,Primavera,2
2022-09-04,Abrigo,34,14.08,0.51,9,6,1,Primavera,20
2024-03-11,Pijama,26,15.59,1.5,3,0,0,Otoño,20
2022-01-08,Botas de agua,15,21.57,0.0,1,5,1,Verano,6
2020-07-10,Chandal,1,5.31,4.26,7,4,0,Invierno,3
2022-07-08,Gafas de sol,19,8.55,3.9,7,4,0,Invierno,11
2021-04-01,Sudadera,13,12.52,2.95,4,3,0,Otoño,4
2021-11-06,Gorra,12,20.48,0.87,11,5,1,Primavera,9
2022-01-30,Pan,32,32.26,1.43,1,6,1,Verano,16
2024-10-27,Frutas,14,23.09,3.44,10,6,1,Primavera,6
2024-04-11,Zapatos deportivos,29,19.97,2.82,4,3,0,Otoño,16
2021-12-29,Zapatos deportivos,22,38.21,0.18,12,2,0,Verano,6
2021-02-16,Pijama,12,24.95,2.78,2,1,0,Verano,2
2023-01-03,Bufanda,14,35.65,1.06,1,1,0,Verano,6
2022-04-05,Sombrilla,11,19.62,3.83,4,1,0,Otoño,0
2023-12-28,Impermeable,29,25.39,0.94,12,3,0,Verano,16
2021-09-08,Abrigo,2,25.5,2.8,9,2,0,Primavera,1
2020-04-24,Gorra,5,14.95,3.49,4,4,0,Otoño,6
2021-02-21,Pantalon,18,30.91,0.0,2,6,1,Verano,12
2025-02-03,Sandalias,14,33.73,0.24,2,0,0,Verano,5
2022-08-27,Gafas de sol,22,4.94,4.06,8,5,1,Invierno,5
2021-08-27,Shorts,1,5.46,3.57,8,4,0,Invierno,4
2025-02-10,Pijama,32,24.54,0.0,2,0,0,Verano,9
2020-03-30,Leche,20,20.33,3.03,3,0,0,Otoño,12
2022-04-28,Camiseta,25,10.93,0.0,4,3,0,Otoño,7
2024-01-20,Frutas,27,30.41,0.0,1,5,1,Verano,14
2025-02-09,Chandal,1,25.27,2.42,2,6,1,Verano,0
2022-01-23,Calcetines,25,29.67,0.0,1,6,1,Verano,10
2021-05-13,Pijama,12,11.38,2.36,5,3,0,Otoño,2
2023-06-30,Botas de agua,1,8.42,0.83,6,4,0,Invierno,0
2023-08-18,Botas de agua,24,2.81,3.66,8,4,0,Invierno,12
2020-01-12,Sandalias,1,26.83,1.69,1,6,1,Verano,9
2021-01-31,Chandal,11,41.52,0.91,1,6,1,Verano,6
2020-10-11,Calcetines,1,18.07,1.93,10,6,1,Primavera,1
2022-12-02,Pan,14,23.99,1.45,12,4,0,Verano,7
2023-04-06,Frutas,11,13.98,3.07,4,3,0,Otoño,10
2024-08-26,Zapatos deportivos,23,7.67,3.88,8,0,0,Invierno,5
2021-11-21,Camiseta,21,25.44,2.57,11,6,1,Primavera,16
2025-03-10,Abrigo,21,22.15,3.9,3,0,0,Otoño,2
2024-12-31,Pantalon,20,35.02,0.0,12,1,0,Verano,4
2021-11-20,Pan,21,18.23,2.79,11,5,1,Primavera,19
2022-05-01,Sombrilla,34,13.0,1.21,5,6,1,Otoño,15
2020-06-08,Sandalias,29,3.84,5.09,6,0,0,Invierno,13
2022-06-14,Pijama,8,8.16,3.24,6,1,0,Invierno,5
2024-03-28,Calcetines,10,11.4,3.66,3,3,0,Otoño,3
2020-09-14,Guantes,10,27.75,1.68,9,0,0,Primavera,6
2020-12-01,Gafas de sol,18,30.63,0.0,12,1,0,Verano,27
2025-01-04,Impermeable,19,33.7,2.39,1,5,1,Verano,13
2022-11-05,Traje de Agua,3,21.65,5.21,11,5,1,Primavera,0
2021-05-30,Gafas de sol,15,18.61,1.61,5,6,1,Otoño,6
2023-09-10,Pan,21,22.48,1.63,9,6,1,Primavera,19
2022-10-12,Chaqueta,5,17.64,2.35,10,2,0,Primavera,3
2022-02-07,Pan,12,30.95,0.0,2,0,0,Verano,8
2024-08-28,Gafas de sol,13,-1.98,2.32,8,2,0,Invierno,10
2022-01-31,Botas de agua,14,29.11,1.99,1,0,0,Verano,8
2023-05-31,Calcetines,10,13.63,3.04,5,2,0,Otoño,3
2023-04-18,Zapatos deportivos,34,13.24,0.53,4,1,0,Otoño,12
2023-11-29,Calcetines,37,18.1,2.59,11,2,0,Primavera,17
2025-04-15,Chandal,21,14.44,2.51,4,1,0,Otoño,11
2021-06-05,Frutas,31,8.72,6.53,6,5,1,Invierno,30
2020-01-23,Guantes,8,24.93,0.0,1,3,0,Verano,2
2020-12-22,Botas de agua,13,34.5,0.11,12,1,0,Verano,14
2023-07-01,Chaqueta,28,5.46,2.63,7,5,1,Invierno,15
2023-08-05,Guantes,19,6.03,4.9,8,5,1,Invierno,18
2024-06-28,Zapatos deportivos,25,6.64,2.93,6,4,0,Invierno,10
2020-12-06,Bufanda,15,25.56,2.0,12,6,1,Verano,8
2021-03-07,Impermeable,29,14.41,2.58,3,6,1,Otoño,12
2021-04-18,Camiseta,26,13.42,0.4,4,6,1,Otoño,20
2020-08-05,Gorra,37,-1.33,5.72,8,2,0,Invierno,10
2022-06-30,Traje de Agua,7,-3.76,1.94,6,3,0,Invierno,12
2023-05-12,Leche,29,13.82,4.97,5,4,0,Otoño,13
2024-04-05,Abrigo,12,12.73,3.98,4,4,0,Otoño,8
2022-10-08,Pan,10,13.89,3.54,10,5,1,Primavera,9
2025-03-12,Gorra,5,19.18,5.4,3,2,0,Otoño,0
2020-04-03,Traje de Agua,22,14.25,2.66,4,4,0,Otoño,2
2022-10-05,Bufanda,28,21.63,3.97,10,2,0,Primavera,19
2022-12-06,Frutas,25,32.65,0.0,12,1,0,Verano,9
2022-12-28,Bufanda,33,32.28,0.46,12,2,0,Verano,9
2024-03-25,Sudadera,10,15.05,0.58,3,0,0,Otoño,0
2023-08-01,Frutas,7,10.39,2.5,8,1,0,Invierno,8
2021-11-27,Sudadera,34,20.33,5.2,11,5,1,Primavera,3
2024-10-12,Chaqueta,25,15.41,2.56,10,5,1,Primavera,14
2022-09-23,Impermeable,12,22.23,2.39,9,4,0,Primavera,10
2020-06-02,Impermeable,4,-2.72,1.65,6,1,0,Invierno,16
2023-01-04,Sudadera,16,31.26,0.0,1,2,0,Verano,11
2024-08-02,Frutas,15,7.39,2.96,8,4,0,Invierno,2
2025-04-29,Guantes,38,15.03,3.6,4,1,0,Otoño,21
2022-02-28,Pan,32,35.74,0.0,2,0,0,Verano,17
2021-08-03,Gafas de sol,12,10.12,3.04,8,1,0,Invierno,7
2021-12-04,Chaqueta,20,23.8,0.73,12,5,1,Verano,6
2023-04-27,Leche,28,10.34,1.92,4,3,0,Otoño,11
2023-07-19,Gafas de sol,23,-3.27,4.72,7,2,0,Invierno,8
2024-06-12,Bufanda,22,6.83,4.49,6,2,0,Invierno,27
2023-06-14,Sandalias,24,2.11,3.24,6,2,0,Invierno,15
2021-05-02,Pantalon,20,15.13,2.83,5,6,1,Otoño,2
2021-07-13,Botas de agua,3,0.47,5.96,7,1,0,Invierno,8
2023-02-15,Pantalon,25,36.83,0.0,2,2,0,Verano,18
2023-01-24,Chaqueta,33,30.17,0.0,1,1,0,Verano,23
2022-03-12,Botas de agua,16,12.15,2.38,3,5,1,Otoño,4
2021-05-27,Pan,35,9.21,3.11,5,3,0,Otoño,17
2021-09-25,Gorra,19,29.76,3.28,9,5,1,Primavera,14
2024-08-03,Chandal,26,2.94,5.49,8,5,1,Invierno,15
2024-10-07,Camiseta,10,25.63,4.23,10,0,0,Primavera,6
2024-02-14,Sandalias,32,20.23,0.76,2,2,0,Verano,44
2023-02-24,Pantalon,19,26.94,0.0,2,4,0,Verano,6
2022-03-01,Chandal,27,15.52,0.77,3,1,0,Otoño,12
2020-04-26,Botas de agua,24,14.21,2.86,4,6,1,Otoño,9
2022-01-10,Shorts,14,32.8,0.0,1,0,0,Verano,23
2024-07-05,Chaqueta,25,6.89,4.72,7,4,0,Invierno,18
2022-12-17,Abrigo,25,32.41,1.52,12,5,1,Verano,14
2022-04-10,Gafas de sol,21,12.93,0.85,4,6,1,Otoño,3
2020-04-29,Frutas,24,13.3,2.56,4,2,0,Otoño,8
2021-10-18,Bufanda,30,23.67,4.16,10,0,0,Primavera,16
2025-01-31,Sandalias,1,35.93,1.74,1,4,0,Verano,7
2021-09-27,Sandalias,17,20.32,1.78,9,0,0,Primavera,9
2021-01-04,Sombrilla,20,36.71,0.0,1,0,0,Verano,21
2020-09-25,Guantes,14,23.69,3.67,9,4,0,Primavera,5
2021-10-17,Sudadera,15,17.85,1.73,10,6,1,Primavera,6
2022-07-24,Pantalon,14,11.33,4.03,7,6,1,Invierno,1
2022-04-02,Bufanda,27,16.86,4.41,4,5,1,Otoño,7
2022-05-16,Bufanda,11,11.04,4.47,5,0,0,Otoño,0
2020-02-16,Guantes,23,23.05,0.38,2,6,1,Verano,11
2023-10-05,Pantalon,18,19.53,0.13,10,3,0,Primavera,9
2024-07-23,Chaqueta,25,10.58,2.41,7,1,0,Invierno,9
2022-09-18,Sombrilla,9,17.48,2.68,9,6,1,Primavera,6
2022-05-26,Pijama,10,12.9,3.71,5,3,0,Otoño,1
2022-02-12,Pantalon,1,42.71,1.08,2,5,1,Verano,0
2023-05-04,Guantes,18,16.31,2.82,5,3,0,Otoño,10
2025-05-01,Gafas de sol,24,11.5,3.02,5,3,0,Otoño,10
2020-01-05,Calcetines,15,37.07,0.0,1,6,1,Verano,10
2022-09-30,Frutas,21,21.73,3.86,9,4,0,Primavera,9
2024-10-20,Sandalias,15,21.17,2.18,10,6,1,Primavera,7
2020-09-20,Abrigo,49,18.58,1.27,9,6,1,Primavera,21
2024-09-28,Gorra,22,18.44,0.34,9,5,1,Primavera,15
2024-11-18,Pan,33,21.46,2.24,11,0,0,Primavera,10
2021-03-19,Gorra,25,16.41,4.2,3,4,0,Otoño,6
2022-09-29,Pijama,16,17.56,5.27,9,3,0,Primavera,5
2022-12-13,Leche,24,31.74,0.2,12,1,0,Verano,16
2022-04-17,Pan,15,21.88,2.01,4,6,1,Otoño,8
2024-10-10,Sudadera,11,19.7,2.35,10,3,0,Primavera,2
2020-10-31,Camiseta,26,14.73,3.43,10,5,1,Primavera,21
2023-09-27,Pijama,34,18.21,2.97,9,2,0,Primavera,11
2024-02-26,Leche,27,31.95,3.66,2,0,0,Verano,14
2020-11-09,Bufanda,2,17.9,1.37,11,0,0,Primavera,0
2020-05-29,Chandal,13,7.46,1.98,5,4,0,Otoño,4
2023-02-22,Traje de Agua,4,27.39,0.0,2,2,0,Verano,0
2023-04-28,Shorts,10,7.64,3.08,4,4,0,Otoño,8
2021-07-28,Abrigo,10,1.48,4.31,7,2,0,Invierno,20
2020-02-20,Bufanda,20,28.73,1.07,2,3,0,Verano,9
2024-02-21,Pantalon,14,31.57,0.99,2,2,0,Verano,3
2021-12-27,Leche,12,27.72,0.0,12,0,0,Verano,7
2022-04-13,Botas de agua,37,8.85,1.97,4,2,0,Otoño,13
2023-10-09,Gafas de sol,17,23.16,3.25,10,0,0,Primavera,6
2023-01-20,Sudadera,17,21.05,2.32,1,4,0,Verano,3
2023-03-12,Chaqueta,15,8.95,4.93,3,6,1,Otoño,13
2021-04-15,Chaqueta,24,22.01,2.65,4,3,0,Otoño,11
2022-08-29,Camiseta,1,7.9,6.34,8,0,0,Invierno,2
2021-10-15,Chaqueta,42,20.7,0.0,10,4,0,Primavera,15
2021-02-03,Zapatos deportivos,33,21.7,0.84,2,2,0,Verano,9
2021-05-26,Gorra,28,10.62,4.06,5,2,0,Otoño,6
2020-11-16,Sombrilla,13,24.36,4.95,11,0,0,Primavera,8
2020-01-20,Pantalon,1,37.12,3.22,1,0,0,Verano,0
2021-11-15,Camiseta,19,17.61,2.04,11,0,0,Primavera,2
2020-02-05,Abrigo,17,33.15,0.0,2,2,0,Verano,2
2022-06-21,Zapatos deportivos,13,2.05,4.97,6,1,0,Invierno,1
2022-04-07,Pan,18,12.73,1.22,4,3,0,Otoño,1
2025-01-15,Sudadera,19,33.77,0.0,1,2,0,Verano,6
2021-02-11,Gorra,23,23.79,0.0,2,3,0,Verano,9
2022-07-09,Calcetines,12,-5.03,4.62,7,5,1,Invierno,3
2021-06-21,Sandalias,36,4.81,2.74,6,0,0,Invierno,10
2022-01-28,Sandalias,21,33.18,0.0,1,4,0,Verano,24
2025-01-28,Frutas,10,23.97,3.86,1,1,0,Verano,1
2022-11-28,Frutas,16,19.56,3.06,11,0,0,Primavera,7
2023-04-14,Botas de agua,23,17.71,1.38,4,4,0,Otoño,9
2020-09-02,Abrigo,15,18.79,3.79,9,2,0,Primavera,9
2023-11-17,Leche,39,16.79,3.43,11,4,0,Primavera,12
2023-02-01,Gafas de sol,1,23.14,0.0,2,2,0,Verano,11
2022-02-23,Shorts,24,25.81,0.0,2,2,0,Verano,28
2024-08-24,Calcetines,1,11.61,3.71,8,5,1,Invierno,0
2021-05-04,Camiseta,37,15.41,3.03,5,1,0,Otoño,23
2020-06-03,Sandalias,13,3.97,6.23,6,2,0,Invierno,4
2022-08-19,Botas de agua,8,14.32,4.38,8,4,0,Invierno,9
2022-05-03,Gafas de sol,18,15.55,1.64,5,1,0,Otoño,11
2023-08-04,Bufanda,19,8.59,6.18,8,4,0,Invierno,29
2021-09-17,Pijama,29,17.35,3.06,9,4,0,Primavera,6
2021-11-16,Frutas,19,20.08,1.66,11,1,0,Primavera,6
2024-03-01,Leche,17,14.85,3.07,3,4,0,Otoño,9
2021-07-23,Sudadera,41,4.95,4.43,7,4,0,Invierno,20
2025-02-01,Sudadera,1,23.77,0.69,2,5,1,Verano,0
2020-01-18,Gorra,12,29.49,0.0,1,5,1,Verano,8
2020-05-07,Impermeable,4,12.14,3.62,5,3,0,Otoño,5
2023-09-08,Shorts,24,21.06,2.16,9,4,0,Primavera,11
2023-07-03,Gorra,26,0.12,6.73,7,0,0,Invierno,2
2025-03-31,Abrigo,24,18.94,1.56,3,0,0,Otoño,18
2022-07-16,Pijama,22,4.11,2.54,7,5,1,Invierno,17
2022-09-07,Impermeable,10,15.09,1.79,9,2,0,Primavera,5
2025-03-27,Traje de Agua,6,15.44,1.59,3,3,0,Otoño,0
2020-07-09,Botas de agua,21,7.08,3.42,7,3,0,Invierno,9
2023-02-13,Abrigo,6,41.18,0.37,2,0,0,Verano,9
2022-09-19,Frutas,10,25.39,2.83,9,0,0,Primavera,4
2025-03-18,Gafas de sol,2,20.48,3.93,3,1,0,Otoño,0
2024-06-03,Gafas de sol,22,8.64,4.79,6,0,0,Invierno,18
2021-08-29,Frutas,14,7.68,2.71,8,6,1,Invierno,18
2020-06-29,Bufanda,16,5.62,2.83,6,0,0,Invierno,13
2020-10-28,Frutas,24,21.17,1.47,10,2,0,Primavera,18
2021-05-11,Bufanda,11,10.98,1.92,5,1,0,Otoño,6
2024-07-10,Frutas,10,0.32,1.42,7,2,0,Invierno,8
2024-07-24,Gafas de sol,23,1.41,6.75,7,2,0,Invierno,5
2024-06-08,Sandalias,19,1.47,3.3,6,5,1,Invierno,8
2024-10-08,Zapatos deportivos,21,17.37,3.39,10,1,0,Primavera,10
2021-06-01,Sandalias,20,4.61,4.01,6,1,0,Invierno,13
2025-04-16,Pantalon,38,16.52,3.51,4,2,0,Otoño,19
2022-12-05,Impermeable,17,32.72,0.0,12,0,0,Verano,6
2021-04-21,Sandalias,22,14.01,4.65,4,2,0,Otoño,3
2020-06-06,Pantalon,30,6.56,4.07,6,5,1,Invierno,12
2023-05-28,Guantes,9,12.41,2.7,5,6,1,Otoño,0
2023-04-10,Sudadera,26,12.56,3.14,4,0,0,Otoño,19
2020-01-17,Shorts,46,27.08,1.4,1,4,0,Verano,27
2024-03-15,Abrigo,13,19.05,3.47,3,4,0,Otoño,4
2022-12-08,Sombrilla,28,28.18,3.2,12,3,0,Verano,17
2025-04-03,Pijama,12,17.11,2.49,4,3,0,Otoño,0
2021-06-30,Abrigo,6,7.37,4.62,6,2,0,Invierno,1
2024-03-19,Sombrilla,11,11.96,3.71,3,1,0,Otoño,7
2021-10-20,Sudadera,27,19.41,1.77,10,2,0,Primavera,4
2025-02-06,Gorra,45,34.35,0.91,2,3,0,Verano,11
2022-10-16,Abrigo,25,16.5,3.08,10,6,1,Primavera,16
2024-06-09,Bufanda,26,-0.47,3.53,6,6,1,Invierno,15
2024-02-13,Traje de Agua,34,31.0,3.28,2,1,0,Verano,14
2022-08-17,Sudadera,40,9.46,4.87,8,2,0,Invierno,27
2025-01-06,Frutas,10,29.59,1.75,1,0,0,Verano,6
2020-10-10,Sudadera,18,21.29,0.77,10,5,1,Primavera,17
2022-03-08,Pan,25,19.68,5.54,3,1,0,Otoño,7
2024-05-05,Calcetines,1,15.63,2.43,5,6,1,Otoño,0
2020-08-13,Sudadera,14,10.38,3.47,8,3,0,Invierno,0
2020-01-27,Sombrilla,22,24.67,0.0,1,0,0,Verano,17
2025-04-25,Botas de agua,28,12.51,2.65,4,4,0,Otoño,19
2021-03-13,Gafas de sol,20,14.77,0.9,3,5,1,Otoño,12
2025-03-11,Abrigo,25,9.1,3.12,3,1,0,Otoño,19
2023-10-20,Frutas,42,18.68,3.1,10,4,0,Primavera,23
2020-08-17,Pijama,13,0.2,3.08,8,0,0,Invierno,13
2020-02-07,Leche,23,32.78,0.56,2,4,0,Verano,10
2022-01-19,Sandalias,25,24.5,3.16,1,2,0,Verano,21
2022-11-11,Abrigo,12,18.64,0.91,11,4,0,Primavera,11
2023-10-30,Leche,15,28.18,1.2,10,0,0,Primavera,8
2021-04-14,Sandalias,4,22.09,4.54,4,2,0,Otoño,0
2024-07-07,Sandalias,26,3.99,2.77,7,6,1,Invierno,6
2025-03-30,Camiseta,28,10.59,2.52,3,6,1,Otoño,18
2021-11-18,Leche,9,18.86,2.42,11,3,0,Primavera,3
2025-03-16,Gafas de sol,12,18.25,0.0,3,6,1,Otoño,8
2021-10-01,Camiseta,22,25.79,5.2,10,4,0,Primavera,4
2024-07-27,Chandal,10,11.06,3.38,7,5,1,Invierno,1
2023-05-03,Botas de agua,19,19.53,3.22,5,2,0,Otoño,12
2023-03-04,Frutas,24,16.79,1.3,3,5,1,Otoño,11
2023-11-16,Botas de agua,29,27.1,1.73,11,3,0,Primavera,14
2024-03-07,Frutas,31,21.57,1.84,3,3,0,Otoño,17
2024-06-02,Leche,30,9.15,1.55,6,6,1,Invierno,22
2023-07-24,Sandalias,25,2.67,5.37,7,0,0,Invierno,9
2024-11-11,Abrigo,20,22.16,1.12,11,0,0,Primavera,2
2022-03-11,Leche,21,18.5,2.31,3,4,0,Otoño,8
2020-06-09,Pan,37,9.52,6.09,6,1,0,Invierno,24
2022-08-14,Impermeable,29,14.55,2.9,8,6,1,Invierno,24
2023-04-01,Pijama,30,14.56,5.03,4,5,1,Otoño,4
2022-04-01,Chandal,5,22.8,1.54,4,4,0,Otoño,2
2024-06-27,Calcetines,27,2.6,3.18,6,3,0,Invierno,18
2022-05-27,Impermeable,16,8.27,1.57,5,4,0,Otoño,15
2022-07-02,Chaqueta,28,11.07,3.81,7,5,1,Invierno,6
2020-06-01,Botas de agua,17,0.64,1.98,6,0,0,Invierno,9
2024-11-24,Camiseta,32,22.59,2.15,11,6,1,Primavera,19
2024-09-26,Sudadera,21,21.26,0.58,9,3,0,Primavera,9
2021-05-24,Guantes,19,20.01,3.67,5,0,0,Otoño,11
2023-02-09,Sudadera,18,20.6,0.0,2,3,0,Verano,6
2023-06-04,Traje de Agua,36,1.3,4.07,6,6,1,Invierno,34
2024-06-10,Chaqueta,35,-1.37,4.41,6,0,0,Invierno,17
2020-04-13,Leche,8,15.0,2.92,4,0,0,Otoño,2
2023-12-16,Abrigo,30,29.32,1.3,12,5,1,Verano,19
2023-12-14,Traje de Agua,44,24.64,0.0,12,3,0,Verano,17
2021-08-09,Sandalias,22,1.37,3.36,8,0,0,Invierno,7
2025-01-10,Botas de agua,33,34.27,1.67,1,4,0,Verano,24
2023-02-17,Calcetines,16,33.65,0.0,2,4,0,Verano,11
2020-02-23,Gafas de sol,15,25.83,2.43,2,6,1,Verano,16
2020-05-31,Shorts,19,12.89,3.28,5,6,1,Otoño,6
2021-02-07,Impermeable,15,38.37,1.86,2,6,1,Verano,6
2025-03-06,Pan,20,19.27,4.21,3,3,0,Otoño,1
2020-07-26,Traje de Agua,30,5.31,4.97,7,6,1,Invierno,13
2025-01-29,Impermeable,11,27.32,2.1,1,2,0,Verano,9
2023-01-27,Bufanda,33,21.0,3.71,1,4,0,Verano,22
2024-08-31,Shorts,11,0.98,2.17,8,5,1,Invierno,9
2020-01-09,Sombrilla,26,33.3,0.65,1,3,0,Verano,10
2022-10-11,Pijama,26,21.03,1.5,10,1,0,Primavera,18
2024-10-15,Sombrilla,12,24.07,0.78,10,1,0,Primavera,3
2022-11-26,Traje de Agua,24,21.74,4.7,11,5,1,Primavera,5
2021-03-28,Abrigo,28,16.29,5.43,3,6,1,Otoño,15
2020-09-10,Bufanda,38,15.41,2.45,9,3,0,Primavera,8
2023-08-20,Frutas,23,11.03,4.02,8,6,1,Invierno,25
2022-06-15,Calcetines,1,3.87,4.11,6,2,0,Invierno,1
2024-08-15,Impermeable,13,6.81,3.27,8,3,0,Invierno,15
2022-05-30,Zapatos deportivos,13,17.34,4.66,5,0,0,Otoño,12
2024-05-14,Sudadera,10,20.26,3.48,5,1,0,Otoño,8
2025-01-13,Bufanda,19,28.3,0.0,1,0,0,Verano,2
2021-09-15,Gorra,27,25.13,0.0,9,2,0,Primavera,19
2020-12-11,Zapatos deportivos,19,32.18,0.0,12,4,0,Verano,5
2024-07-17,Impermeable,28,10.12,6.31,7,2,0,Invierno,37
2020-09-19,Calcetines,28,15.92,0.21,9,5,1,Primavera,20
2023-08-14,Pan,25,9.44,4.53,8,0,0,Invierno,23
2023-12-09,Sudadera,24,34.66,2.48,12,5,1,Verano,2
2020-05-30,Chaqueta,24,12.92,3.18,5,5,1,Otoño,5
2021-04-17,Calcetines,7,20.26,5.63,4,5,1,Otoño,4
2021-10-02,Shorts,45,18.28,0.0,10,5,1,Primavera,20
2025-04-14,Botas de agua,19,6.23,4.24,4,0,0,Otoño,12
2025-01-07,Pantalon,10,28.58,0.0,1,1,0,Verano,7
2021-07-04,Chandal,19,2.43,4.31,7,6,1,Invierno,9
2022-07-17,Pan,22,12.31,4.81,7,6,1,Invierno,15
2021-05-03,Leche,22,17.8,3.75,5,0,0,Otoño,10
2024-10-31,Calcetines,20,22.52,1.94,10,3,0,Primavera,10
2023-03-17,Botas de agua,17,16.75,4.94,3,4,0,Otoño,11
2020-05-26,Guantes,16,18.07,1.91,5,1,0,Otoño,11
2024-08-07,Impermeable,33,-0.52,2.57,8,2,0,Invierno,34
2025-02-20,Shorts,14,34.81,0.0,2,3,0,Verano,11
2021-02-06,Leche,31,29.72,1.32,2,5,1,Verano,30
2022-08-12,Botas de agua,28,9.62,5.72,8,4,0,Invierno,18
2025-01-02,Pan,8,25.05,2.47,1,3,0,Verano,0
2021-10-21,Calcetines,15,21.74,1.52,10,3,0,Primavera,9
2023-10-04,Camiseta,54,20.47,4.55,10,2,0,Primavera,14
2021-04-08,Pan,11,18.72,2.21,4,3,0,Otoño,6
2023-09-11,Impermeable,21,17.22,2.1,9,0,0,Primavera,14
2020-07-05,Chaqueta,39,2.9,0.89,7,6,1,Invierno,26
2023-02-21,Impermeable,22,38.49,0.47,2,1,0,Verano,10
2023-05-09,Chandal,23,15.83,3.48,5,1,0,Otoño,3
2021-08-31,Calcetines,34,-3.56,3.45,8,1,0,Invierno,19
2020-05-23,Pan,1,14.72,3.21,5,5,1,Otoño,5
2022-01-21,Sombrilla,20,20.43,0.0,1,4,0,Verano,19
2024-03-14,Shorts,26,19.72,4.13,3,3,0,Otoño,5
2022-09-08,Camiseta,5,22.81,0.91,9,3,0,Primavera,3
2020-07-16,Chaqueta,20,2.0,2.67,7,3,0,Invierno,15
2024-06-21,Pantalon,21,7.08,3.18,6,4,0,Invierno,3
2022-06-02,Guantes,19,7.96,4.95,6,3,0,Invierno,16
2020-10-06,Pan,37,23.89,1.5,10,1,0,Primavera,16
2020-10-20,Chaqueta,25,17.85,3.94,10,1,0,Primavera,12
2024-11-12,Sombrilla,16,22.11,0.54,11,1,0,Primavera,19
2021-02-04,Calcetines,19,23.16,0.0,2,3,0,Verano,15
2020-05-02,Chandal,5,15.19,4.96,5,5,1,Otoño,0
2023-04-22,Sombrilla,30,17.24,3.58,4,5,1,Otoño,18
2020-07-21,Impermeable,32,7.53,3.4,7,1,0,Invierno,23
2024-01-02,Gafas de sol,38,25.17,2.13,1,1,0,Verano,33
2022-04-15,Sudadera,12,14.13,1.56,4,4,0,Otoño,3
2020-09-03,Traje de Agua,16,12.96,1.47,9,3,0,Primavera,7
2023-12-10,Abrigo,28,33.18,1.87,12,6,1,Verano,23
2025-01-25,Chaqueta,28,32.26,1.05,1,5,1,Verano,9
2025-01-05,Abrigo,28,31.82,0.82,1,6,1,Verano,14
2023-02-27,Pan,16,31.2,0.46,2,0,0,Verano,5
2024-07-19,Sandalias,17,-6.2,3.81,7,4,0,Invierno,5
2023-11-27,Sandalias,32,20.04,4.82,11,0,0,Primavera,16
2021-01-19,Pijama,22,32.64,0.0,1,1,0,Verano,9
2024-09-08,Pantalon,24,19.3,2.5,9,6,1,Primavera,10
2022-05-04,Botas de agua,30,10.41,1.91,5,2,0,Otoño,5
2024-05-08,Sombrilla,29,22.34,5.13,5,2,0,Otoño,13
2020-08-07,Pan,20,-0.8,4.1,8,4,0,Invierno,12
2021-10-03,Impermeable,47,17.29,0.79,10,6,1,Primavera,30
2020-01-02,Sandalias,26,23.4,0.0,1,3,0,Verano,13
2020-04-22,Shorts,17,16.61,3.7,4,2,0,Otoño,0
2021-11-29,Gafas de sol,34,17.57,1.54,11,0,0,Primavera,9
2025-02-07,Pijama,14,31.74,2.87,2,4,0,Verano,7
2022-08-09,Guantes,16,10.14,3.83,8,1,0,Invierno,20
2024-07-06,Frutas,26,10.25,4.5,7,5,1,Invierno,15
2024-06-24,Leche,28,-0.65,3.43,6,0,0,Invierno,5
2024-08-30,Sudadera,37,10.49,4.85,8,4,0,Invierno,21
2023-11-11,Traje de Agua,34,15.47,0.15,11,5,1,Primavera,7
2023-11-10,Chaqueta,11,17.07,0.0,11,4,0,Primavera,0
2024-03-13,Zapatos deportivos,8,16.25,0.31,3,2,0,Otoño,7
2023-07-15,Pantalon,17,11.72,5.36,7,5,1,Invierno,0
2024-11-19,Impermeable,18,20.67,3.44,11,1,0,Primavera,13
2021-03-17,Calcetines,20,14.62,2.93,3,2,0,Otoño,7
2024-02-29,Pantalon,15,34.33,0.0,2,3,0,Verano,6
2023-02-10,Calcetines,12,32.01,1.38,2,4,0,Verano,5
2023-06-10,Impermeable,11,8.78,4.92,6,5,1,Invierno,13
2024-12-21,Sombrilla,38,34.23,2.14,12,5,1,Verano,40
2024-06-19,Leche,22,-3.18,3.82,6,2,0,Invierno,10
2024-08-22,Camiseta,28,5.69,6.3,8,3,0,Invierno,6
2023-10-29,Pantalon,33,19.13,3.21,10,6,1,Primavera,19
2021-10-25,Guantes,30,14.55,0.37,10,0,0,Primavera,16
2024-11-23,Sudadera,18,24.74,4.92,11,5,1,Primavera,12
2023-06-11,Bufanda,15,11.97,1.53,6,6,1,Invierno,17
2024-09-23,Pan,7,17.39,0.52,9,0,0,Primavera,1
2024-08-27,Sudadera,31,-10.56,4.32,8,1,0,Invierno,12
2020-11-13,Calcetines,9,22.13,2.32,11,4,0,Primavera,4
2021-10-10,Calcetines,1,12.32,1.9,10,6,1,Primavera,2
2023-12-05,Shorts,1,31.31,0.46,12,1,0,Verano,6
2024-01-19,Pijama,19,36.09,1.08,1,4,0,Verano,15
2021-12-10,Gafas de sol,30,19.83,2.16,12,4,0,Verano,23
2023-10-14,Traje de Agua,1,17.43,4.52,10,5,1,Primavera,0
2023-07-06,Traje de Agua,1,10.13,2.74,7,3,0,Invierno,9
2022-08-30,Pan,12,-5.15,4.32,8,1,0,Invierno,7
2021-09-19,Pantalon,22,16.01,3.13,9,6,1,Primavera,8
2021-09-24,Impermeable,12,17.13,2.64,9,4,0,Primavera,12
2023-07-30,Pan,15,-2.73,5.53,7,6,1,Invierno,13
2023-11-01,Leche,18,21.44,0.93,11,2,0,Primavera,14
2023-11-09,Abrigo,28,19.41,0.23,11,3,0,Primavera,11
2023-06-02,Chandal,32,1.19,1.63,6,4,0,Invierno,14
2025-03-15,Leche,14,14.56,0.89,3,5,1,Otoño,3
2023-06-08,Sandalias,22,12.45,6.61,6,3,0,Invierno,3
2024-02-05,Pan,28,25.84,2.73,2,0,0,Verano,4
2023-10-03,Sandalias,28,19.49,2.16,10,1,0,Primavera,8
2024-03-09,Sandalias,24,13.65,3.75,3,5,1,Otoño,15
2024-07-21,Traje de Agua,27,-0.84,4.07,7,6,1,Invierno,31
2023-09-16,Pijama,14,21.58,2.46,9,5,1,Primavera,2
2025-02-17,Guantes,35,26.73,2.83,2,0,0,Verano,20
2025-01-24,Pijama,27,34.54,0.0,1,4,0,Verano,15
2024-07-01,Gorra,35,3.63,3.7,7,0,0,Invierno,9
2024-12-06,Traje de Agua,22,38.08,0.0,12,4,0,Verano,18
2022-03-06,Guantes,22,16.35,1.54,3,6,1,Otoño,6
2021-10-07,Camiseta,23,22.67,0.27,10,3,0,Primavera,9
2022-10-09,Sandalias,27,19.67,3.34,10,6,1,Primavera,9
2024-11-27,Chandal,17,21.74,1.87,11,2,0,Primavera,9
2021-07-10,Calcetines,26,5.19,2.54,7,5,1,Invierno,18
2021-11-12,Frutas,24,14.25,2.41,11,4,0,Primavera,14
2021-07-31,Shorts,16,-6.58,4.93,7,5,1,Invierno,7
2023-01-14,Chandal,12,26.24,1.46,1,5,1,Verano,6
2023-06-20,Shorts,32,3.36,4.99,6,1,0,Invierno,21
2024-09-18,Sandalias,3,18.39,4.94,9,2,0,Primavera,0
2023-03-29,Pijama,30,15.68,4.1,3,2,0,Otoño,3
2021-06-08,Frutas,1,-2.85,3.49,6,1,0,Invierno,3
2022-11-25,Impermeable,2,23.46,0.19,11,4,0,Primavera,6
2021-06-24,Abrigo,30,-2.22,4.72,6,3,0,Invierno,28
2023-04-09,Sudadera,33,18.63,2.89,4,6,1,Otoño,22
2024-08-05,Sudadera,24,7.84,3.35,8,0,0,Invierno,12
2022-01-18,Zapatos deportivos,15,29.86,2.14,1,1,0,Verano,8
2024-12-09,Impermeable,19,23.84,0.98,12,0,0,Verano,18
2023-12-01,Gorra,1,25.16,0.0,12,4,0,Verano,3
2021-04-29,Leche,24,17.51,3.0,4,3,0,Otoño,6
2024-10-23,Traje de Agua,21,26.46,4.21,10,2,0,Primavera,9
2020-04-05,Abrigo,22,16.05,5.46,4,6,1,Otoño,7
2022-10-17,Guantes,16,17.09,3.6,10,0,0,Primavera,15
2021-07-17,Traje de Agua,38,7.23,2.6,7,5,1,Invierno,19
2023-06-18,Traje de Agua,9,1.18,5.41,6,6,1,Invierno,17
2022-01-12,Botas de agua,32,22.92,0.0,1,2,0,Verano,25
2022-05-13,Calcetines,1,18.97,2.38,5,4,0,Otoño,1
2024-05-17,Shorts,1,15.92,2.22,5,4,0,Otoño,2
2024-09-10,Leche,22,16.24,1.32,9,1,0,Primavera,9
2024-01-24,Gafas de sol,8,32.45,1.53,1,2,0,Verano,12
2022-06-10,Guantes,35,3.36,4.17,6,4,0,Invierno,24
2024-04-26,Chaqueta,16,15.15,1.51,4,4,0,Otoño,7
2022-11-04,Abrigo,17,20.14,2.02,11,4,0,Primavera,7
2020-07-25,Calcetines,26,7.57,5.83,7,5,1,Invierno,9
2021-01-27,Bufanda,1,35.61,0.0,1,2,0,Verano,3
2022-03-05,Shorts,10,17.37,3.36,3,5,1,Otoño,2
2022-05-20,Camiseta,17,12.87,4.11,5,4,0,Otoño,8
2021-02-01,Traje de Agua,12,27.09,0.43,2,0,0,Verano,3
2022-02-05,Pijama,27,32.4,0.43,2,5,1,Verano,6
2024-11-29,Sombrilla,27,19.34,4.11,11,4,0,Primavera,11
2023-05-26,Frutas,7,9.54,1.75,5,4,0,Otoño,7
2022-10-25,Pan,27,29.91,1.52,10,1,0,Primavera,13
2021-10-04,Gorra,18,21.18,0.26,10,0,0,Primavera,16
2025-03-04,Camiseta,28,16.37,0.68,3,1,0,Otoño,17
2021-09-04,Pijama,24,22.69,0.75,9,5,1,Primavera,15
2024-10-28,Sandalias,8,24.57,2.22,10,0,0,Primavera,5
2022-08-18,Botas de agua,36,6.38,5.05,8,3,0,Invierno,13
2024-04-19,Zapatos deportivos,32,14.65,3.54,4,4,0,Otoño,16
2021-12-26,Camiseta,16,24.44,0.0,12,6,1,Verano,3
2021-11-14,Pan,19,22.85,1.47,11,6,1,Primavera,14
2020-04-08,Impermeable,20,10.22,3.8,4,2,0,Otoño,10
2022-03-15,Gorra,23,14.33,1.28,3,1,0,Otoño,22
2024-10-17,Frutas,6,19.97,0.0,10,3,0,Primavera,1
2024-05-16,Chandal,26,20.76,2.5,5,3,0,Otoño,17
2021-02-10,Sombrilla,11,31.6,0.7,2,2,0,Verano,13
2021-05-17,Pan,28,8.47,2.81,5,0,0,Otoño,7
2022-12-07,Calcetines,21,31.28,0.25,12,2,0,Verano,15
2022-11-22,Zapatos deportivos,20,10.85,4.4,11,1,0,Primavera,10
2022-07-18,Chaqueta,16,2.1,4.38,7,0,0,Invierno,4
2022-02-18,Zapatos deportivos,25,32.51,0.84,2,4,0,Verano,6
2020-07-19,Zapatos deportivos,22,5.06,0.58,7,6,1,Invierno,11
2020-05-14,Abrigo,13,17.57,1.69,5,3,0,Otoño,11
2022-11-17,Impermeable,23,23.5,2.42,11,3,0,Primavera,10
2020-02-10,Leche,17,29.11,0.35,2,0,0,Verano,3
2022-10-14,Sudadera,21,19.17,3.24,10,4,0,Primavera,12
2020-08-18,Abrigo,37,7.34,5.89,8,1,0,Invierno,12
2024-02-22,Frutas,32,26.98,1.01,2,3,0,Verano,22
2024-12-01,Abrigo,21,27.49,1.69,12,6,1,Verano,6
2021-01-13,Guantes,29,25.1,2.75,1,2,0,Verano,15
2020-10-15,Leche,10,8.98,1.67,10,3,0,Primavera,10
2021-02-22,Calcetines,7,29.42,0.0,2,0,0,Verano,5
2024-08-25,Chaqueta,36,1.97,0.41,8,6,1,Invierno,5
2021-01-26,Camiseta,16,26.54,1.09,1,1,0,Verano,4
2021-08-15,Sandalias,8,13.5,4.4,8,6,1,Invierno,4
2024-03-02,Zapatos deportivos,21,18.61,1.59,3,5,1,Otoño,14
2023-03-08,Bufanda,21,12.06,3.46,3,2,0,Otoño,17
2022-12-22,Sombrilla,7,35.42,0.0,12,3,0,Verano,15
2024-02-04,Bufanda,2,37.22,0.97,2,6,1,Verano,1
2021-10-09,Pijama,23,19.29,0.68,10,5,1,Primavera,7
2023-02-26,Traje de Agua,19,24.06,1.75,2,6,1,Verano,15
2023-09-29,Sandalias,28,20.4,0.22,9,4,0,Primavera,12
2021-06-04,Traje de Agua,21,8.15,1.71,6,4,0,Invierno,17
2020-03-05,Chaqueta,1,14.64,4.43,3,3,0,Otoño,0
2020-01-15,Pan,30,29.69,1.48,1,2,0,Verano,8
2023-03-26,Botas de agua,12,16.48,1.57,3,6,1,Otoño,10
2022-11-30,Pan,29,26.44,2.74,11,2,0,Primavera,8
2021-05-07,Pan,29,14.19,3.11,5,4,0,Otoño,19
2021-01-14,Chaqueta,36,24.91,0.84,1,3,0,Verano,16
2020-07-06,Camiseta,15,1.23,2.32,7,0,0,Invierno,3
2022-02-02,Frutas,15,35.92,0.0,2,2,0,Verano,7
2020-08-04,Pantalon,19,7.17,7.82,8,1,0,Invierno,13
2022-03-02,Gorra,15,14.4,4.34,3,2,0,Otoño,4
2022-12-12,Chandal,24,33.38,0.14,12,0,0,Verano,20
2022-05-28,Camiseta,40,15.75,2.87,5,5,1,Otoño,24
2020-12-03,Gorra,18,27.47,0.0,12,3,0,Verano,16
2024-11-07,Camiseta,10,14.59,1.07,11,3,0,Primavera,3
2021-12-20,Chandal,26,31.86,0.0,12,0,0,Verano,12
2024-10-14,Botas de agua,36,20.16,2.96,10,0,0,Primavera,28
2020-10-22,Chaqueta,2,21.18,2.46,10,3,0,Primavera,7
2024-09-21,Leche,3,12.57,4.06,9,5,1,Primavera,2
2022-10-13,Frutas,26,23.49,0.68,10,3,0,Primavera,10
2023-06-29,Sandalias,17,3.92,3.2,6,3,0,Invierno,11
2024-10-16,Traje de Agua,25,20.53,1.41,10,2,0,Primavera,12
2024-01-25,Botas de agua,21,37.05,0.0,1,3,0,Verano,6
2021-03-31,Pijama,7,11.49,4.04,3,2,0,Otoño,3
2025-04-28,Traje de Agua,20,9.23,5.16,4,0,0,Otoño,12
2022-03-26,Zapatos deportivos,11,12.79,2.85,3,5,1,Otoño,0
2020-09-26,Chaqueta,35,21.52,0.64,9,5,1,Primavera,24
2022-09-22,Chaqueta,15,19.7,3.54,9,3,0,Primavera,3
2020-07-20,Pantalon,17,10.28,1.79,7,0,0,Invierno,14
2020-06-10,Botas de agua,27,8.48,3.79,6,2,0,Invierno,15
2024-04-28,Calcetines,7,10.95,3.05,4,6,1,Otoño,2
2021-12-30,Pantalon,21,29.1,0.0,12,3,0,Verano,5
2021-02-05,Abrigo,29,31.23,2.1,2,4,0,Verano,8
2021-12-03,Pan,7,28.05,1.34,12,4,0,Verano,3
2024-02-09,Calcetines,28,28.05,0.0,2,4,0,Verano,18
2025-01-19,Camiseta,24,29.29,0.44,1,6,1,Verano,17
2024-11-30,Shorts,19,13.56,2.98,11,5,1,Primavera,11
2023-02-03,Gorra,7,27.65,2.74,2,4,0,Verano,5
2021-07-19,Botas de agua,42,3.9,4.12,7,0,0,Invierno,16
2023-11-14,Calcetines,37,19.48,0.29,11,1,0,Primavera,11
2022-10-18,Camiseta,26,17.43,3.05,10,1,0,Primavera,7
2022-10-22,Leche,11,15.88,3.27,10,5,1,Primavera,4
2023-11-12,Traje de Agua,19,20.06,2.08,11,6,1,Primavera,5
2024-05-04,Chaqueta,12,17.48,2.25,5,5,1,Otoño,7
2023-01-09,Pan,32,30.37,0.0,1,0,0,Verano,3
2020-07-24,Chandal,9,2.53,2.84,7,4,0,Invierno,3
2020-02-04,Pan,32,40.82,0.81,2,1,0,Verano,11
2022-02-14,Abrigo,11,30.89,0.03,2,0,0,Verano,6
2021-05-23,Traje de Agua,13,17.91,2.36,5,6,1,Otoño,4
2023-12-22,Sombrilla,17,33.53,2.43,12,4,0,Verano,20
2024-01-18,Leche,23,30.04,0.98,1,3,0,Verano,8
2025-04-02,Frutas,9,15.45,3.11,4,2,0,Otoño,2
2023-10-22,Pan,23,20.85,0.34,10,6,1,Primavera,17
2020-04-01,Gafas de sol,21,16.24,4.52,4,2,0,Otoño,15
2023-09-25,Calcetines,38,17.64,2.26,9,0,0,Primavera,20
2022-06-16,Shorts,23,6.77,4.89,6,3,0,Invierno,8
2021-07-18,Shorts,26,10.07,3.33,7,6,1,Invierno,5
2023-10-01,Impermeable,20,18.43,1.17,10,6,1,Primavera,12
2022-02-15,Gorra,4,23.65,1.16,2,1,0,Verano,5
2020-08-29,Bufanda,12,6.41,3.76,8,5,1,Invierno,12
2020-01-14,Abrigo,8,31.73,0.0,1,1,0,Verano,0
2020-11-11,Impermeable,25,16.97,5.23,11,2,0,Primavera,14
2021-08-23,Gorra,18,5.26,6.0,8,0,0,Invierno,14
2021-01-22,Calcetines,12,29.82,0.0,1,4,0,Verano,7
2023-07-21,Pijama,12,2.67,3.45,7,4,0,Invierno,12
2020-06-15,Sudadera,6,3.65,2.98,6,0,0,Invierno,4
2022-04-20,Shorts,24,22.3,1.27,4,2,0,Otoño,16
2020-01-21,Frutas,21,36.36,0.85,1,1,0,Verano,15
2021-10-08,Bufanda,3,20.73,0.67,10,4,0,Primavera,2
2025-01-16,Bufanda,22,32.08,0.0,1,3,0,Verano,16
2024-02-17,Pan,3,32.51,3.23,2,5,1,Verano,7
2023-02-28,Bufanda,19,30.46,0.0,2,1,0,Verano,8
2024-03-08,Camiseta,12,19.66,4.05,3,4,0,Otoño,2
2022-04-11,Abrigo,2,15.7,4.94,4,0,0,Otoño,2
2023-06-21,Sandalias,14,-1.02,7.64,6,2,0,Invierno,0
2024-05-09,Abrigo,14,11.67,3.85,5,3,0,Otoño,1
2021-07-16,Sudadera,15,10.18,1.62,7,4,0,Invierno,14
2025-03-14,Leche,12,11.23,1.66,3,4,0,Otoño,7
2021-11-17,Frutas,10,21.86,1.0,11,2,0,Primavera,8
2022-08-15,Bufanda,13,9.72,6.42,8,0,0,Invierno,22
2020-07-08,Sombrilla,15,7.39,1.0,7,2,0,Invierno,7
2024-12-11,Frutas,33,28.82,0.41,12,2,0,Verano,14
2022-09-02,Sandalias,25,17.58,2.68,9,4,0,Primavera,5
2021-11-30,Gorra,6,20.16,1.63,11,1,0,Primavera,7
2024-02-08,Traje de Agua,20,28.63,0.0,2,3,0,Verano,6
2024-09-01,Calcetines,30,22.99,1.69,9,6,1,Primavera,11
2021-05-25,Abrigo,24,13.02,3.31,5,1,0,Otoño,6
2022-12-18,Botas de agua,33,39.7,0.0,12,6,1,Verano,14
2021-04-19,Sudadera,16,12.71,2.75,4,0,0,Otoño,12
2024-05-03,Sandalias,13,11.78,0.36,5,4,0,Otoño,8
2022-05-06,Sudadera,26,17.27,4.43,5,4,0,Otoño,16
2022-01-17,Impermeable,24,27.28,1.83,1,0,0,Verano,8
2020-09-09,Sudadera,1,17.71,0.67,9,2,0,Primavera,0
2020-01-22,Camiseta,24,27.11,0.0,1,2,0,Verano,11
2023-08-30,Chaqueta,23,5.62,2.5,8,2,0,Invierno,14
2021-04-04,Chaqueta,2,9.54,2.21,4,6,1,Otoño,4
2023-03-30,Traje de Agua,33,14.33,4.55,3,3,0,Otoño,10
2020-10-03,Sandalias,14,20.5,0.0,10,5,1,Primavera,6
2022-08-13,Shorts,33,4.04,3.74,8,5,1,Invierno,3
2023-04-30,Gorra,17,10.74,4.3,4,6,1,Otoño,7
2021-01-20,Camiseta,31,26.62,2.79,1,2,0,Verano,17
2022-03-16,Frutas,16,17.67,5.18,3,2,0,Otoño,7
2023-12-08,Shorts,25,22.44,0.43,12,4,0,Verano,27
2024-02-24,Leche,16,33.93,0.0,2,5,1,Verano,9
2020-12-09,Impermeable,2,30.47,1.56,12,2,0,Verano,3
2022-02-08,Chaqueta,28,31.96,0.0,2,1,0,Verano,14
2023-08-25,Camiseta,20,8.38,4.85,8,4,0,Invierno,3
2024-08-12,Bufanda,17,10.19,1.01,8,0,0,Invierno,25
2020-05-10,Pantalon,13,21.9,0.56,5,6,1,Otoño,3
2024-08-14,Impermeable,7,5.59,4.37,8,2,0,Invierno,17
2022-05-21,Botas de agua,7,17.71,5.18,5,5,1,Otoño,9
2023-01-28,Chaqueta,38,26.17,0.17,1,5,1,Verano,13
2023-10-28,Sandalias,13,18.7,2.34,10,5,1,Primavera,10
2020-03-28,Botas de agua,27,8.01,2.73,3,5,1,Otoño,16
2024-01-22,Gorra,23,28.55,0.0,1,0,0,Verano,9
2020-11-26,Gorra,23,26.89,3.7,11,3,0,Primavera,3
2023-05-23,Guantes,20,22.39,3.27,5,1,0,Otoño,8
2021-04-11,Shorts,1,17.64,3.13,4,6,1,Otoño,0
2020-05-01,Zapatos deportivos,29,13.99,4.45,5,4,0,Otoño,12
2024-06-26,Chaqueta,35,-3.53,4.64,6,2,0,Invierno,29
2022-11-10,Abrigo,23,21.11,2.16,11,3,0,Primavera,6
2024-09-20,Gorra,4,15.51,2.53,9,4,0,Primavera,0
2022-12-31,Gorra,23,23.08,1.34,12,5,1,Verano,5
2023-02-04,Gorra,12,20.15,0.0,2,5,1,Verano,3
2023-07-18,Impermeable,12,5.94,1.74,7,1,0,Invierno,12
2022-05-10,Sudadera,5,16.39,4.41,5,1,0,Otoño,7
2023-12-30,Impermeable,15,32.11,0.0,12,5,1,Verano,12
2023-01-31,Calcetines,35,25.05,0.0,1,1,0,Verano,19
